ISO-10303-21;
HEADER;
FILE_DESCRIPTION (( 'STEP AP203' ),
    '1' );
FILE_NAME ('L_for_big.STEP',
    '2025-08-18T15:21:58',
    ( '' ),
    ( '' ),
    'SwSTEP 2.0',
    'SolidWorks 2023',
    '' );
FILE_SCHEMA (( 'CONFIG_CONTROL_DESIGN' ));
ENDSEC;

DATA;
#1 = APPROVAL ( #81, 'UNSPECIFIED' ) ;
#2 = ORIENTED_EDGE ( 'NONE', *, *, #792, .F. ) ;
#3 = DIRECTION ( 'NONE',  ( 0.000000000000000000, -1.000000000000000000, 0.000000000000000000 ) ) ;
#4 = DIRECTION ( 'NONE',  ( 0.000000000000000000, -0.000000000000000000, -1.000000000000000000 ) ) ;
#5 = PERSON_AND_ORGANIZATION ( #758, #894 ) ;
#6 = VERTEX_POINT ( 'NONE', #452 ) ;
#7 = CARTESIAN_POINT ( 'NONE',  ( -37.64415955514756718, -192.0291495608623791, 77.99999999999998579 ) ) ;
#8 = VERTEX_POINT ( 'NONE', #1288 ) ;
#9 = CARTESIAN_POINT ( 'NONE',  ( -13.51921137096445591, -182.0291495608623507, 68.43269929789566675 ) ) ;
#10 = CARTESIAN_POINT ( 'NONE',  ( -27.09876179310363753, 26.58746440078090600, 6.164324400165919648 ) ) ;
#11 = VERTEX_POINT ( 'NONE', #1169 ) ;
#12 = DIRECTION ( 'NONE',  ( -1.000000000000000000, -0.000000000000000000, -0.000000000000000000 ) ) ;
#13 = CARTESIAN_POINT ( 'NONE',  ( 11.50769724484671030, 26.03875683752574588, 60.00000000000000000 ) ) ;
#14 = CARTESIAN_POINT ( 'NONE',  ( 6.598645166876693224, -173.9612431624742612, 42.05597137576093303 ) ) ;
#15 = ADVANCED_FACE ( 'NONE', ( #85 ), #568, .F. ) ;
#16 = VECTOR ( 'NONE', #240, 1000.000000000000000 ) ;
#17 = VERTEX_POINT ( 'NONE', #576 ) ;
#18 = ADVANCED_FACE ( 'NONE', ( #1065 ), #1370, .F. ) ;
#19 = CARTESIAN_POINT ( 'NONE',  ( -37.64415955514756718, -192.0291495608623791, 77.99999999999998579 ) ) ;
#20 = EDGE_CURVE ( 'NONE', #1421, #976, #1269, .T. ) ;
#21 = ORIENTED_EDGE ( 'NONE', *, *, #1469, .F. ) ;
#22 = CARTESIAN_POINT ( 'NONE',  ( -19.75737859659007611, 18.30769334851423835, 42.05597137576093303 ) ) ;
#23 = PLANE ( 'NONE',  #476 ) ;
#24 = CARTESIAN_POINT ( 'NONE',  ( -0.000000000000000000, -50.75106913066090897, 0.000000000000000000 ) ) ;
#25 = VECTOR ( 'NONE', #439, 1000.000000000000000 ) ;
#26 = CARTESIAN_POINT ( 'NONE',  ( 8.009577516757570237, 19.31710404212627452, 77.99999999999998579 ) ) ;
#27 = AXIS2_PLACEMENT_3D ( 'NONE', #517, #550, #902 ) ;
#28 = EDGE_CURVE ( 'NONE', #971, #1024, #1389, .T. ) ;
#29 = DIRECTION ( 'NONE',  ( -0.000000000000000000, 1.000000000000000000, -0.000000000000000000 ) ) ;
#30 = EDGE_CURVE ( 'NONE', #463, #1196, #399, .T. ) ;
#31 = CARTESIAN_POINT ( 'NONE',  ( 22.65858127793199017, -50.75106913066090897, 60.00000000000000000 ) ) ;
#32 = DIRECTION ( 'NONE',  ( 0.7372714505087034631, -0.6755966313302578241, 0.000000000000000000 ) ) ;
#33 = ADVANCED_FACE ( 'NONE', ( #787 ), #652, .F. ) ;
#34 = CARTESIAN_POINT ( 'NONE',  ( 8.009577516757570237, 19.31710404212627452, 62.99999999999998579 ) ) ;
#35 = CARTESIAN_POINT ( 'NONE',  ( 33.65240181515486029, -50.75106913066090897, 63.00000000000000000 ) ) ;
#36 = DIRECTION ( 'NONE',  ( 0.7138087599382321180, -0.7003406701280765478, 0.000000000000000000 ) ) ;
#37 = ORIENTED_EDGE ( 'NONE', *, *, #66, .F. ) ;
#38 = DIRECTION ( 'NONE',  ( 0.000000000000000000, 0.000000000000000000, 1.000000000000000000 ) ) ;
#39 = AXIS2_PLACEMENT_3D ( 'NONE', #675, #916, #292 ) ;
#40 = CARTESIAN_POINT ( 'NONE',  ( 18.00957751675757379, -192.0291495608623791, 77.99999999999998579 ) ) ;
#41 = EDGE_CURVE ( 'NONE', #973, #960, #644, .T. ) ;
#42 = CARTESIAN_POINT ( 'NONE',  ( -19.75737859659007256, 18.30769334851423480, 0.000000000000000000 ) ) ;
#43 = ADVANCED_FACE ( 'NONE', ( #57 ), #541, .F. ) ;
#44 = ORIENTED_EDGE ( 'NONE', *, *, #594, .F. ) ;
#45 = VECTOR ( 'NONE', #138, 1000.000000000000000 ) ;
#46 = DIRECTION ( 'NONE',  ( -0.000000000000000000, 1.000000000000000000, -0.000000000000000000 ) ) ;
#47 = ORIENTED_EDGE ( 'NONE', *, *, #377, .T. ) ;
#48 = VECTOR ( 'NONE', #766, 1000.000000000000000 ) ;
#49 = CARTESIAN_POINT ( 'NONE',  ( 18.00957751675757379, -182.0291495608623507, 0.000000000000000000 ) ) ;
#50 = DIRECTION ( 'NONE',  ( -0.000000000000000000, -0.000000000000000000, -1.000000000000000000 ) ) ;
#51 = DIRECTION ( 'NONE',  ( -0.000000000000000000, 0.000000000000000000, 1.000000000000000000 ) ) ;
#52 = LOCAL_TIME ( 16, 21, 58.00000000000000000, #1070 ) ;
#53 = ORIENTED_EDGE ( 'NONE', *, *, #910, .T. ) ;
#54 = CARTESIAN_POINT ( 'NONE',  ( -35.35531199637797783, 2.409799691038088554, 63.00000000000000000 ) ) ;
#55 = ORIENTED_EDGE ( 'NONE', *, *, #628, .F. ) ;
#56 = CARTESIAN_POINT ( 'NONE',  ( -27.78709651231128674, 18.30769334851423835, 0.000000000000000000 ) ) ;
#57 = FACE_OUTER_BOUND ( 'NONE', #1487, .T. ) ;
#58 = DIRECTION ( 'NONE',  ( -0.6755966313302579351, -0.7372714505087033521, 0.000000000000000000 ) ) ;
#59 = EDGE_LOOP ( 'NONE', ( #246, #1082, #740, #765, #1074, #123, #203 ) ) ;
#60 = LINE ( 'NONE', #182, #1006 ) ;
#61 = FACE_OUTER_BOUND ( 'NONE', #190, .T. ) ;
#62 = EDGE_CURVE ( 'NONE', #1274, #1501, #912, .T. ) ;
#63 = AXIS2_PLACEMENT_3D ( 'NONE', #382, #840, #1319 ) ;
#64 = EDGE_LOOP ( 'NONE', ( #158, #919, #843, #709 ) ) ;
#65 = DIRECTION ( 'NONE',  ( -1.000000000000000000, 0.000000000000000000, -0.000000000000000000 ) ) ;
#66 = EDGE_CURVE ( 'NONE', #593, #276, #1381, .T. ) ;
#67 = CARTESIAN_POINT ( 'NONE',  ( -2.754816927103442836, 7.759285706664813986, 65.71634964894781206 ) ) ;
#68 = FACE_BOUND ( 'NONE', #64, .T. ) ;
#69 = VERTEX_POINT ( 'NONE', #1277 ) ;
#70 = CARTESIAN_POINT ( 'NONE',  ( -43.23504978325509995, 10.14086318004959608, 63.00000000000000000 ) ) ;
#71 = DIRECTION ( 'NONE',  ( 1.000000000000000000, 0.000000000000000000, 0.000000000000000000 ) ) ;
#72 = ORIENTED_EDGE ( 'NONE', *, *, #769, .T. ) ;
#73 = CALENDAR_DATE ( 2025, 18, 8 ) ;
#74 = PLANE ( 'NONE',  #1344 ) ;
#75 = EDGE_CURVE ( 'NONE', #1420, #1014, #1161, .T. ) ;
#76 = ORIENTED_EDGE ( 'NONE', *, *, #1023, .T. ) ;
#77 = LINE ( 'NONE', #1384, #1088 ) ;
#78 = VECTOR ( 'NONE', #896, 1000.000000000000114 ) ;
#79 = DIRECTION ( 'NONE',  ( -0.000000000000000000, -0.000000000000000000, -1.000000000000000000 ) ) ;
#80 = EDGE_LOOP ( 'NONE', ( #1193, #112, #1545, #1410, #1559 ) ) ;
#81 = APPROVAL_STATUS ( 'not_yet_approved' ) ;
#82 = EDGE_CURVE ( 'NONE', #971, #1253, #274, .T. ) ;
#83 = VERTEX_POINT ( 'NONE', #280 ) ;
#84 = DIRECTION ( 'NONE',  ( 0.7138087599382323400, -0.7003406701280764368, 0.000000000000000000 ) ) ;
#85 = FACE_OUTER_BOUND ( 'NONE', #301, .T. ) ;
#86 = DIRECTION ( 'NONE',  ( -0.000000000000000000, 1.000000000000000000, 0.000000000000000000 ) ) ;
#87 = DIRECTION ( 'NONE',  ( 0.000000000000000000, 0.000000000000000000, 1.000000000000000000 ) ) ;
#88 = VERTEX_POINT ( 'NONE', #40 ) ;
#89 = ADVANCED_FACE ( 'NONE', ( #534 ), #1483, .F. ) ;
#90 = ORIENTED_EDGE ( 'NONE', *, *, #20, .F. ) ;
#91 = FACE_OUTER_BOUND ( 'NONE', #1568, .T. ) ;
#92 = VECTOR ( 'NONE', #602, 1000.000000000000000 ) ;
#93 = EDGE_LOOP ( 'NONE', ( #496, #1531, #1406, #1101 ) ) ;
#94 = CC_DESIGN_DATE_AND_TIME_ASSIGNMENT ( #970, #238, ( #410 ) ) ;
#95 = ORIENTED_EDGE ( 'NONE', *, *, #817, .T. ) ;
#96 = LINE ( 'NONE', #1031, #451 ) ;
#97 = EDGE_CURVE ( 'NONE', #440, #1162, #1019, .T. ) ;
#98 = CARTESIAN_POINT ( 'NONE',  ( -27.78709651231128674, 26.03875683752574588, 63.00000000000000000 ) ) ;
#99 = ORIENTED_EDGE ( 'NONE', *, *, #1532, .T. ) ;
#100 = APPROVAL_ROLE ( '' ) ;
#101 = EDGE_LOOP ( 'NONE', ( #1404, #1447, #1512, #206 ) ) ;
#102 = EDGE_CURVE ( 'NONE', #657, #688, #434, .T. ) ;
#103 = CARTESIAN_POINT ( 'NONE',  ( -37.64415955514756718, -192.0291495608623791, 77.99999999999998579 ) ) ;
#104 = ORIENTED_EDGE ( 'NONE', *, *, #1481, .T. ) ;
#105 = VECTOR ( 'NONE', #360, 1000.000000000000000 ) ;
#106 = EDGE_LOOP ( 'NONE', ( #1086, #941, #325, #1141, #545, #600, #338, #733, #816, #1439 ) ) ;
#107 = DIRECTION ( 'NONE',  ( 1.000000000000000000, 0.000000000000000000, 0.000000000000000000 ) ) ;
#108 = LINE ( 'NONE', #738, #1320 ) ;
#109 = ORIENTED_EDGE ( 'NONE', *, *, #20, .T. ) ;
#110 = VECTOR ( 'NONE', #1543, 1000.000000000000000 ) ;
#111 = ORIENTED_EDGE ( 'NONE', *, *, #116, .T. ) ;
#112 = ORIENTED_EDGE ( 'NONE', *, *, #1362, .F. ) ;
#113 = LINE ( 'NONE', #737, #1562 ) ;
#114 = DIRECTION ( 'NONE',  ( -0.000000000000000000, -0.000000000000000000, -1.000000000000000000 ) ) ;
#115 = VERTEX_POINT ( 'NONE', #170 ) ;
#116 = EDGE_CURVE ( 'NONE', #976, #747, #763, .T. ) ;
#117 = DIRECTION ( 'NONE',  ( 0.000000000000000000, 0.000000000000000000, -1.000000000000000000 ) ) ;
#118 = VECTOR ( 'NONE', #1233, 1000.000000000000000 ) ;
#119 = ORIENTED_EDGE ( 'NONE', *, *, #97, .F. ) ;
#120 = DIRECTION ( 'NONE',  ( 1.000000000000000000, 0.000000000000000000, -0.000000000000000000 ) ) ;
#121 = DIRECTION ( 'NONE',  ( -1.000000000000000000, 0.000000000000000000, -0.000000000000000000 ) ) ;
#122 = VECTOR ( 'NONE', #1527, 1000.000000000000000 ) ;
#123 = ORIENTED_EDGE ( 'NONE', *, *, #1303, .T. ) ;
#124 = LINE ( 'NONE', #371, #1110 ) ;
#125 = VECTOR ( 'NONE', #1252, 1000.000000000000000 ) ;
#126 = ORIENTED_EDGE ( 'NONE', *, *, #1254, .T. ) ;
#127 = AXIS2_PLACEMENT_3D ( 'NONE', #1242, #277, #774 ) ;
#128 = CARTESIAN_POINT ( 'NONE',  ( -38.43146542981077118, 5.427912493651389170, 63.00000000000000000 ) ) ;
#129 = PLANE ( 'NONE',  #148 ) ;
#130 = ORIENTED_EDGE ( 'NONE', *, *, #417, .F. ) ;
#131 = CARTESIAN_POINT ( 'NONE',  ( -37.64415955514756718, -194.0291495608623791, 77.99999999999998579 ) ) ;
#132 = VECTOR ( 'NONE', #643, 1000.000000000000114 ) ;
#133 = CARTESIAN_POINT ( 'NONE',  ( 8.009577516757570237, 19.31710404212627452, 77.99999999999998579 ) ) ;
#134 = LINE ( 'NONE', #500, #105 ) ;
#135 = ORIENTED_EDGE ( 'NONE', *, *, #878, .F. ) ;
#136 = EDGE_CURVE ( 'NONE', #552, #1421, #777, .T. ) ;
#137 = DIRECTION ( 'NONE',  ( 0.000000000000000000, 0.000000000000000000, -1.000000000000000000 ) ) ;
#138 = DIRECTION ( 'NONE',  ( 0.000000000000000000, 1.000000000000000000, 0.000000000000000000 ) ) ;
#139 = CARTESIAN_POINT ( 'NONE',  ( -13.51921137096445591, 19.31710404212627452, 77.99999999999998579 ) ) ;
#140 = AXIS2_PLACEMENT_3D ( 'NONE', #49, #1489, #768 ) ;
#141 = DIRECTION ( 'NONE',  ( -0.000000000000000000, -0.000000000000000000, -1.000000000000000000 ) ) ;
#142 = ADVANCED_FACE ( 'NONE', ( #1027 ), #770, .T. ) ;
#143 = EDGE_CURVE ( 'NONE', #1420, #971, #559, .T. ) ;
#144 = ORIENTED_EDGE ( 'NONE', *, *, #1325, .T. ) ;
#145 = LINE ( 'NONE', #631, #651 ) ;
#146 = DIRECTION ( 'NONE',  ( -1.000000000000000000, 0.000000000000000000, 0.000000000000000000 ) ) ;
#147 = PLANE ( 'NONE',  #327 ) ;
#148 = AXIS2_PLACEMENT_3D ( 'NONE', #599, #243, #121 ) ;
#149 = LINE ( 'NONE', #901, #1231 ) ;
#150 = VECTOR ( 'NONE', #704, 1000.000000000000000 ) ;
#151 = DIRECTION ( 'NONE',  ( -0.000000000000000000, 0.000000000000000000, 1.000000000000000000 ) ) ;
#152 = DIRECTION ( 'NONE',  ( -0.000000000000000000, 1.000000000000000000, -0.000000000000000000 ) ) ;
#153 = DIRECTION ( 'NONE',  ( -0.000000000000000000, 1.000000000000000000, -0.000000000000000000 ) ) ;
#154 = DIRECTION ( 'NONE',  ( -0.000000000000000000, 1.000000000000000000, -0.000000000000000000 ) ) ;
#155 = APPROVAL ( #692, 'UNSPECIFIED' ) ;
#156 = DIRECTION ( 'NONE',  ( 0.000000000000000000, -1.000000000000000000, 0.000000000000000000 ) ) ;
#157 = CARTESIAN_POINT ( 'NONE',  ( -27.78709651231128674, 18.30769334851423835, 60.00000000000000000 ) ) ;
#158 = ORIENTED_EDGE ( 'NONE', *, *, #1144, .F. ) ;
#159 = FACE_OUTER_BOUND ( 'NONE', #421, .T. ) ;
#160 = ORIENTED_EDGE ( 'NONE', *, *, #789, .F. ) ;
#161 = CYLINDRICAL_SURFACE ( 'NONE', #140, 10.00000000000000178 ) ;
#162 = DIRECTION ( 'NONE',  ( 0.000000000000000000, -0.000000000000000000, 1.000000000000000000 ) ) ;
#163 = LINE ( 'NONE', #1518, #1567 ) ;
#164 = ORIENTED_EDGE ( 'NONE', *, *, #754, .F. ) ;
#165 = AXIS2_PLACEMENT_3D ( 'NONE', #1245, #999, #882 ) ;
#166 = LINE ( 'NONE', #1022, #380 ) ;
#167 = ORIENTED_EDGE ( 'NONE', *, *, #30, .F. ) ;
#168 = AXIS2_PLACEMENT_3D ( 'NONE', #647, #1375, #877 ) ;
#169 = CARTESIAN_POINT ( 'NONE',  ( 18.00957751675757379, -182.0291495608623507, 77.99999999999998579 ) ) ;
#170 = CARTESIAN_POINT ( 'NONE',  ( 8.009577516757570237, 3.970850439137651122, 62.99999999999998579 ) ) ;
#171 = DIRECTION ( 'NONE',  ( -1.000000000000000000, 0.000000000000000000, -0.000000000000000000 ) ) ;
#172 = EDGE_CURVE ( 'NONE', #1470, #8, #939, .T. ) ;
#173 = ORIENTED_EDGE ( 'NONE', *, *, #826, .F. ) ;
#174 = CARTESIAN_POINT ( 'NONE',  ( -13.51921137096445591, 3.970850439137651122, 62.99999999999998579 ) ) ;
#175 = EDGE_CURVE ( 'NONE', #696, #838, #198, .T. ) ;
#176 = LINE ( 'NONE', #1149, #249 ) ;
#177 = EDGE_LOOP ( 'NONE', ( #1256, #1412, #889, #1417 ) ) ;
#178 = CARTESIAN_POINT ( 'NONE',  ( -37.64415955514756718, -194.0291495608623791, 64.99999999999998579 ) ) ;
#179 = DIRECTION ( 'NONE',  ( 1.000000000000000000, -0.000000000000000000, -0.000000000000000000 ) ) ;
#180 = FACE_OUTER_BOUND ( 'NONE', #1181, .T. ) ;
#181 = ORIENTED_EDGE ( 'NONE', *, *, #927, .T. ) ;
#182 = CARTESIAN_POINT ( 'NONE',  ( -35.35531199637797783, 2.409799691038088554, 60.00000000000000000 ) ) ;
#183 = CARTESIAN_POINT ( 'NONE',  ( -35.35531199637797783, 2.409799691038088554, 6.164324400165919648 ) ) ;
#184 = VECTOR ( 'NONE', #849, 1000.000000000000000 ) ;
#185 = ORIENTED_EDGE ( 'NONE', *, *, #417, .T. ) ;
#186 = FACE_BOUND ( 'NONE', #235, .T. ) ;
#187 = EDGE_CURVE ( 'NONE', #803, #11, #1054, .T. ) ;
#188 = CARTESIAN_POINT ( 'NONE',  ( 11.50769724484671030, 26.03875683752574588, 60.00000000000000000 ) ) ;
#189 = VECTOR ( 'NONE', #58, 1000.000000000000114 ) ;
#190 = EDGE_LOOP ( 'NONE', ( #794, #195, #181, #1271, #1383, #1546, #1172, #1285, #729, #991 ) ) ;
#191 = EDGE_CURVE ( 'NONE', #706, #575, #1304, .T. ) ;
#192 = CARTESIAN_POINT ( 'NONE',  ( -27.78709651231128674, 26.03875683752574588, 6.164324400165933859 ) ) ;
#193 = FACE_OUTER_BOUND ( 'NONE', #314, .T. ) ;
#194 = VECTOR ( 'NONE', #1341, 1000.000000000000000 ) ;
#195 = ORIENTED_EDGE ( 'NONE', *, *, #1469, .T. ) ;
#196 = CALENDAR_DATE ( 2025, 18, 8 ) ;
#197 = ORIENTED_EDGE ( 'NONE', *, *, #1026, .F. ) ;
#198 = LINE ( 'NONE', #1423, #761 ) ;
#199 = ORIENTED_EDGE ( 'NONE', *, *, #834, .F. ) ;
#200 = DIRECTION ( 'NONE',  ( -0.7372714505087034631, 0.6755966313302580462, 0.000000000000000000 ) ) ;
#201 = VECTOR ( 'NONE', #324, 1000.000000000000000 ) ;
#202 = DIRECTION ( 'NONE',  ( -0.7138087599382320070, 0.7003406701280765478, 0.000000000000000000 ) ) ;
#203 = ORIENTED_EDGE ( 'NONE', *, *, #993, .F. ) ;
#204 = ADVANCED_FACE ( 'NONE', ( #91 ), #1533, .T. ) ;
#205 = PLANE ( 'NONE',  #1492 ) ;
#206 = ORIENTED_EDGE ( 'NONE', *, *, #1107, .F. ) ;
#207 = FACE_OUTER_BOUND ( 'NONE', #583, .T. ) ;
#208 = ADVANCED_FACE ( 'NONE', ( #1432 ), #1168, .T. ) ;
#209 = EDGE_LOOP ( 'NONE', ( #322, #471, #225, #981 ) ) ;
#210 = MANIFOLD_SOLID_BREP ( 'Boss-Extrude6', #664 ) ;
#211 = DIRECTION ( 'NONE',  ( 0.000000000000000000, 0.000000000000000000, 1.000000000000000000 ) ) ;
#212 = PLANE ( 'NONE',  #1537 ) ;
#213 = LINE ( 'NONE', #699, #1446 ) ;
#214 = ORIENTED_EDGE ( 'NONE', *, *, #769, .F. ) ;
#215 = COORDINATED_UNIVERSAL_TIME_OFFSET ( 0, 0, .AHEAD. ) ;
#216 = ORIENTED_EDGE ( 'NONE', *, *, #409, .F. ) ;
#217 = DIRECTION ( 'NONE',  ( -0.000000000000000000, -0.000000000000000000, -1.000000000000000000 ) ) ;
#218 = VECTOR ( 'NONE', #1009, 1000.000000000000000 ) ;
#219 = ORIENTED_EDGE ( 'NONE', *, *, #175, .T. ) ;
#220 = VERTEX_POINT ( 'NONE', #567 ) ;
#221 = CARTESIAN_POINT ( 'NONE',  ( -37.64415955514756718, -192.0291495608623791, 64.99999999999998579 ) ) ;
#222 = CARTESIAN_POINT ( 'NONE',  ( -19.21902400622651896, 18.85640091176939848, 0.000000000000000000 ) ) ;
#223 = ORIENTED_EDGE ( 'NONE', *, *, #1441, .T. ) ;
#224 = VERTEX_POINT ( 'NONE', #1184 ) ;
#225 = ORIENTED_EDGE ( 'NONE', *, *, #28, .T. ) ;
#226 = VECTOR ( 'NONE', #447, 1000.000000000000114 ) ;
#227 = ORIENTED_EDGE ( 'NONE', *, *, #789, .T. ) ;
#228 = LINE ( 'NONE', #221, #1477 ) ;
#229 = EDGE_CURVE ( 'NONE', #1274, #973, #948, .T. ) ;
#230 = LINE ( 'NONE', #719, #1003 ) ;
#231 = EDGE_CURVE ( 'NONE', #88, #960, #958, .T. ) ;
#232 = VECTOR ( 'NONE', #156, 1000.000000000000000 ) ;
#233 = VERTEX_POINT ( 'NONE', #1175 ) ;
#234 = CARTESIAN_POINT ( 'NONE',  ( 22.65858127793199017, 0.000000000000000000, 60.00000000000000000 ) ) ;
#235 = EDGE_LOOP ( 'NONE', ( #1262, #697, #167, #611 ) ) ;
#236 = FACE_OUTER_BOUND ( 'NONE', #1190, .T. ) ;
#237 = PLANE ( 'NONE',  #312 ) ;
#238 = DATE_TIME_ROLE ( 'classification_date' ) ;
#239 = ORIENTED_EDGE ( 'NONE', *, *, #288, .T. ) ;
#240 = DIRECTION ( 'NONE',  ( 0.000000000000000000, 0.000000000000000000, -1.000000000000000000 ) ) ;
#241 = ORIENTED_EDGE ( 'NONE', *, *, #881, .F. ) ;
#242 = DIRECTION ( 'NONE',  ( -0.000000000000000000, -0.000000000000000000, -1.000000000000000000 ) ) ;
#243 = DIRECTION ( 'NONE',  ( 0.000000000000000000, 0.000000000000000000, -1.000000000000000000 ) ) ;
#244 = EDGE_CURVE ( 'NONE', #1253, #841, #1553, .T. ) ;
#245 = VECTOR ( 'NONE', #1158, 1000.000000000000000 ) ;
#246 = ORIENTED_EDGE ( 'NONE', *, *, #1325, .F. ) ;
#247 = DIRECTION ( 'NONE',  ( 1.000000000000000000, 0.000000000000000000, 0.000000000000000000 ) ) ;
#248 = VECTOR ( 'NONE', #897, 1000.000000000000000 ) ;
#249 = VECTOR ( 'NONE', #954, 1000.000000000000000 ) ;
#250 = CARTESIAN_POINT ( 'NONE',  ( 33.65240181515486029, -24.35456645409672660, 63.00000000000000000 ) ) ;
#251 = CARTESIAN_POINT ( 'NONE',  ( 6.598645166876693224, 18.30769334851423835, 60.00000000000000000 ) ) ;
#252 = EDGE_CURVE ( 'NONE', #317, #1162, #1062, .T. ) ;
#253 = ORIENTED_EDGE ( 'NONE', *, *, #1058, .T. ) ;
#254 = LINE ( 'NONE', #19, #396 ) ;
#255 = VECTOR ( 'NONE', #405, 1000.000000000000000 ) ;
#256 = CC_DESIGN_APPROVAL ( #1378, ( #410 ) ) ;
#257 = ADVANCED_FACE ( 'NONE', ( #469 ), #74, .F. ) ;
#258 = LINE ( 'NONE', #874, #1010 ) ;
#259 = DIRECTION ( 'NONE',  ( -0.000000000000000000, -0.000000000000000000, -1.000000000000000000 ) ) ;
#260 = ORIENTED_EDGE ( 'NONE', *, *, #1261, .F. ) ;
#261 = CARTESIAN_POINT ( 'NONE',  ( -27.78709651231128674, 26.03875683752574588, 63.00000000000000000 ) ) ;
#262 = EDGE_CURVE ( 'NONE', #593, #440, #736, .T. ) ;
#263 = VECTOR ( 'NONE', #1547, 1000.000000000000000 ) ;
#264 = DIRECTION ( 'NONE',  ( 0.6755966313302579351, 0.7372714505087033521, 0.000000000000000000 ) ) ;
#265 = ADVANCED_BREP_SHAPE_REPRESENTATION ( 'L_for_big', ( #210, #870 ), #815 ) ;
#266 = CARTESIAN_POINT ( 'NONE',  ( -27.78709651231128674, 25.88589247543464822, 59.99999999999998579 ) ) ;
#267 = FACE_OUTER_BOUND ( 'NONE', #80, .T. ) ;
#268 = DIRECTION ( 'NONE',  ( -0.7003406701280763258, -0.7138087599382322290, 0.000000000000000000 ) ) ;
#269 = LINE ( 'NONE', #1239, #608 ) ;
#270 = DIRECTION ( 'NONE',  ( -1.000000000000000000, -0.000000000000000000, -0.000000000000000000 ) ) ;
#271 = ADVANCED_FACE ( 'NONE', ( #207 ), #515, .T. ) ;
#272 = DIRECTION ( 'NONE',  ( 0.7138087599382321180, -0.7003406701280765478, -0.000000000000000000 ) ) ;
#273 = CARTESIAN_POINT ( 'NONE',  ( -23.51921137096445946, -192.0291495608623791, 77.99999999999998579 ) ) ;
#274 = LINE ( 'NONE', #407, #560 ) ;
#275 = DIRECTION ( 'NONE',  ( 0.7372714505087033521, -0.6755966313302579351, -0.000000000000000000 ) ) ;
#276 = VERTEX_POINT ( 'NONE', #760 ) ;
#277 = DIRECTION ( 'NONE',  ( 0.000000000000000000, 0.000000000000000000, -1.000000000000000000 ) ) ;
#278 = ORIENTED_EDGE ( 'NONE', *, *, #1111, .F. ) ;
#279 = CARTESIAN_POINT ( 'NONE',  ( -13.51921137096445591, 3.970850439137651122, 66.99999999999998579 ) ) ;
#280 = CARTESIAN_POINT ( 'NONE',  ( 33.65240181515486029, -46.19873457304821329, 4.919171653843424252 ) ) ;
#281 = DIRECTION ( 'NONE',  ( -0.000000000000000000, 0.000000000000000000, -1.000000000000000000 ) ) ;
#282 = ORIENTED_EDGE ( 'NONE', *, *, #993, .T. ) ;
#283 = LINE ( 'NONE', #1479, #865 ) ;
#284 = EDGE_LOOP ( 'NONE', ( #812, #214, #1366, #1071 ) ) ;
#285 = VECTOR ( 'NONE', #1324, 1000.000000000000000 ) ;
#286 = CARTESIAN_POINT ( 'NONE',  ( -27.78709651231128674, 26.03875683752574588, 42.05597137576093303 ) ) ;
#287 = EDGE_CURVE ( 'NONE', #1174, #603, #1360, .T. ) ;
#288 = EDGE_CURVE ( 'NONE', #1176, #1433, #997, .T. ) ;
#289 = DIRECTION ( 'NONE',  ( -0.000000000000000000, -0.000000000000000000, -1.000000000000000000 ) ) ;
#290 = LINE ( 'NONE', #1146, #189 ) ;
#291 = ORIENTED_EDGE ( 'NONE', *, *, #701, .F. ) ;
#292 = DIRECTION ( 'NONE',  ( 0.000000000000000000, -0.000000000000000000, 1.000000000000000000 ) ) ;
#293 = EDGE_CURVE ( 'NONE', #11, #220, #1473, .T. ) ;
#294 = CARTESIAN_POINT ( 'NONE',  ( 22.65858127793199017, -50.75106913066090897, 63.00000000000000000 ) ) ;
#295 = ORIENTED_EDGE ( 'NONE', *, *, #465, .F. ) ;
#296 = DIRECTION ( 'NONE',  ( -0.000000000000000000, -0.000000000000000000, -1.000000000000000000 ) ) ;
#297 = VECTOR ( 'NONE', #473, 1000.000000000000000 ) ;
#298 = DIRECTION ( 'NONE',  ( 0.000000000000000000, 0.000000000000000000, 1.000000000000000000 ) ) ;
#299 = DIRECTION ( 'NONE',  ( 1.000000000000000000, 0.000000000000000000, 0.000000000000000000 ) ) ;
#300 = AXIS2_PLACEMENT_3D ( 'NONE', #1251, #1507, #162 ) ;
#301 = EDGE_LOOP ( 'NONE', ( #37, #932, #1038, #444 ) ) ;
#302 = DIRECTION ( 'NONE',  ( -0.6755966313302579351, -0.7372714505087033521, 0.000000000000000000 ) ) ;
#303 = CARTESIAN_POINT ( 'NONE',  ( -27.09876179310363753, 26.58746440078090600, 42.05597137576093303 ) ) ;
#304 = ORIENTED_EDGE ( 'NONE', *, *, #1111, .T. ) ;
#305 = EDGE_CURVE ( 'NONE', #83, #334, #1007, .T. ) ;
#306 = DIRECTION ( 'NONE',  ( 1.000000000000000000, 0.000000000000000000, 0.000000000000000000 ) ) ;
#307 = ADVANCED_FACE ( 'NONE', ( #159 ), #1001, .F. ) ;
#308 = DIRECTION ( 'NONE',  ( -0.000000000000000000, 1.000000000000000000, -0.000000000000000000 ) ) ;
#309 = ORIENTED_EDGE ( 'NONE', *, *, #539, .F. ) ;
#310 = LINE ( 'NONE', #799, #122 ) ;
#311 = CARTESIAN_POINT ( 'NONE',  ( 22.65858127793199017, -24.35456645409672660, 60.00000000000000000 ) ) ;
#312 = AXIS2_PLACEMENT_3D ( 'NONE', #489, #975, #146 ) ;
#313 = ORIENTED_EDGE ( 'NONE', *, *, #1312, .T. ) ;
#314 = EDGE_LOOP ( 'NONE', ( #1016, #1078, #1493, #548 ) ) ;
#315 = CARTESIAN_POINT ( 'NONE',  ( -13.51921137096445591, 3.970850439137640908, 64.43269929789566675 ) ) ;
#316 = AXIS2_PLACEMENT_3D ( 'NONE', #1298, #1272, #1279 ) ;
#317 = VERTEX_POINT ( 'NONE', #1494 ) ;
#318 = FACE_OUTER_BOUND ( 'NONE', #818, .T. ) ;
#319 = PLANE ( 'NONE',  #506 ) ;
#320 = UNCERTAINTY_MEASURE_WITH_UNIT (LENGTH_MEASURE( 1.000000000000000082E-05 ), #1301, 'distance_accuracy_value', 'NONE');
#321 = AXIS2_PLACEMENT_3D ( 'NONE', #133, #961, #1444 ) ;
#322 = ORIENTED_EDGE ( 'NONE', *, *, #244, .F. ) ;
#323 = CC_DESIGN_PERSON_AND_ORGANIZATION_ASSIGNMENT ( #1331, #850, ( #410 ) ) ;
#324 = DIRECTION ( 'NONE',  ( 0.000000000000000000, -1.000000000000000000, 0.000000000000000000 ) ) ;
#325 = ORIENTED_EDGE ( 'NONE', *, *, #392, .F. ) ;
#326 = EDGE_CURVE ( 'NONE', #803, #83, #283, .T. ) ;
#327 = AXIS2_PLACEMENT_3D ( 'NONE', #294, #420, #402 ) ;
#328 = DIRECTION ( 'NONE',  ( 1.000000000000000000, 0.000000000000000000, -0.000000000000000000 ) ) ;
#329 = ORIENTED_EDGE ( 'NONE', *, *, #372, .F. ) ;
#330 = EDGE_LOOP ( 'NONE', ( #937, #721, #821, #1392 ) ) ;
#331 = FACE_OUTER_BOUND ( 'NONE', #209, .T. ) ;
#332 = VECTOR ( 'NONE', #1524, 1000.000000000000000 ) ;
#333 = DIRECTION ( 'NONE',  ( -0.000000000000000000, 0.000000000000000000, 1.000000000000000000 ) ) ;
#334 = VERTEX_POINT ( 'NONE', #783 ) ;
#335 = PERSON_AND_ORGANIZATION_ROLE ( 'design_owner' ) ;
#336 = EDGE_LOOP ( 'NONE', ( #357, #164, #837, #95 ) ) ;
#337 = DIRECTION ( 'NONE',  ( 0.000000000000000000, 0.000000000000000000, -1.000000000000000000 ) ) ;
#338 = ORIENTED_EDGE ( 'NONE', *, *, #82, .T. ) ;
#339 = EDGE_LOOP ( 'NONE', ( #784, #607, #1139, #1185 ) ) ;
#340 = LINE ( 'NONE', #1556, #1485 ) ;
#341 = DIRECTION ( 'NONE',  ( -0.000000000000000000, 1.000000000000000000, -0.000000000000000000 ) ) ;
#342 = EDGE_LOOP ( 'NONE', ( #801, #431, #1554, #1526 ) ) ;
#343 = CARTESIAN_POINT ( 'NONE',  ( 0.000000000000000000, 0.000000000000000000, 0.000000000000000000 ) ) ;
#344 = ORIENTED_EDGE ( 'NONE', *, *, #75, .T. ) ;
#345 = EDGE_CURVE ( 'NONE', #1249, #448, #641, .T. ) ;
#346 = CARTESIAN_POINT ( 'NONE',  ( -37.64415955514756718, -194.0291495608623791, 77.99999999999998579 ) ) ;
#347 = AXIS2_PLACEMENT_3D ( 'NONE', #852, #1455, #1333 ) ;
#348 = ADVANCED_FACE ( 'NONE', ( #395, #267 ), #1126, .T. ) ;
#349 = VERTEX_POINT ( 'NONE', #658 ) ;
#350 = ORIENTED_EDGE ( 'NONE', *, *, #978, .F. ) ;
#351 = CARTESIAN_POINT ( 'NONE',  ( -37.64415955514756718, -194.0291495608623791, 77.99999999999998579 ) ) ;
#352 = FACE_OUTER_BOUND ( 'NONE', #1316, .T. ) ;
#353 = EDGE_LOOP ( 'NONE', ( #126, #790, #53, #1396, #520, #1443, #199, #490 ) ) ;
#354 = CALENDAR_DATE ( 2025, 18, 8 ) ;
#355 = ORIENTED_EDGE ( 'NONE', *, *, #661, .F. ) ;
#356 = CARTESIAN_POINT ( 'NONE',  ( -37.64415955514756718, -194.0291495608623791, 77.99999999999998579 ) ) ;
#357 = ORIENTED_EDGE ( 'NONE', *, *, #1327, .T. ) ;
#358 = AXIS2_PLACEMENT_3D ( 'NONE', #1032, #554, #1171 ) ;
#359 = CYLINDRICAL_SURFACE ( 'NONE', #1228, 10.00000000000000178 ) ;
#360 = DIRECTION ( 'NONE',  ( 0.000000000000000000, -1.000000000000000000, 0.000000000000000000 ) ) ;
#361 = AXIS2_PLACEMENT_3D ( 'NONE', #1137, #298, #415 ) ;
#362 = DATE_AND_TIME ( #354, #742 ) ;
#363 = ORIENTED_EDGE ( 'NONE', *, *, #1552, .F. ) ;
#364 = EDGE_CURVE ( 'NONE', #1403, #1024, #1140, .T. ) ;
#365 = CARTESIAN_POINT ( 'NONE',  ( -13.51921137096445591, -182.0291495608623507, 77.99999999999998579 ) ) ;
#366 = EDGE_CURVE ( 'NONE', #976, #1495, #166, .T. ) ;
#367 = ORIENTED_EDGE ( 'NONE', *, *, #911, .T. ) ;
#368 = LINE ( 'NONE', #707, #1431 ) ;
#369 = DIRECTION ( 'NONE',  ( 0.7003406701280763258, 0.7138087599382322290, 0.000000000000000000 ) ) ;
#370 = ORIENTED_EDGE ( 'NONE', *, *, #345, .F. ) ;
#371 = CARTESIAN_POINT ( 'NONE',  ( 33.65240181515486029, -24.35456645409672660, 60.00000000000000000 ) ) ;
#372 = EDGE_CURVE ( 'NONE', #871, #440, #412, .T. ) ;
#373 = LINE ( 'NONE', #859, #194 ) ;
#374 = EDGE_CURVE ( 'NONE', #1021, #666, #899, .T. ) ;
#375 = DIRECTION ( 'NONE',  ( 0.000000000000000000, -1.000000000000000000, 0.000000000000000000 ) ) ;
#376 = ORIENTED_EDGE ( 'NONE', *, *, #287, .T. ) ;
#377 = EDGE_CURVE ( 'NONE', #1495, #1043, #752, .T. ) ;
#378 = FACE_OUTER_BOUND ( 'NONE', #1328, .T. ) ;
#379 = ADVANCED_FACE ( 'NONE', ( #1486 ), #147, .F. ) ;
#380 = VECTOR ( 'NONE', #1356, 1000.000000000000000 ) ;
#381 = LINE ( 'NONE', #1124, #734 ) ;
#382 = CARTESIAN_POINT ( 'NONE',  ( -23.51921137096445946, -182.0291495608623507, 77.99999999999998579 ) ) ;
#383 = EDGE_CURVE ( 'NONE', #1322, #959, #634, .T. ) ;
#384 = ORIENTED_EDGE ( 'NONE', *, *, #1365, .T. ) ;
#385 = DIRECTION ( 'NONE',  ( 0.7171827592000820095, -0.6968851339397025280, 0.000000000000000000 ) ) ;
#386 = LOCAL_TIME ( 16, 21, 58.00000000000000000, #842 ) ;
#387 = CARTESIAN_POINT ( 'NONE',  ( 22.65858127793199017, -24.35456645409672660, 60.00000000000000000 ) ) ;
#388 = CARTESIAN_POINT ( 'NONE',  ( 22.65858127793199017, 0.000000000000000000, 60.00000000000000000 ) ) ;
#389 = CARTESIAN_POINT ( 'NONE',  ( 222.6585812779320008, -28.41377804188175205, 4.919171653843424252 ) ) ;
#390 = DIRECTION ( 'NONE',  ( -1.000000000000000000, 0.000000000000000000, 0.000000000000000000 ) ) ;
#391 = VECTOR ( 'NONE', #152, 1000.000000000000000 ) ;
#392 = EDGE_CURVE ( 'NONE', #861, #589, #891, .T. ) ;
#393 = LINE ( 'NONE', #400, #45 ) ;
#394 = CARTESIAN_POINT ( 'NONE',  ( 6.598645166876693224, -173.9612431624742612, 6.164324400165930307 ) ) ;
#395 = FACE_BOUND ( 'NONE', #1112, .T. ) ;
#396 = VECTOR ( 'NONE', #1109, 1000.000000000000000 ) ;
#397 = DIRECTION ( 'NONE',  ( -0.000000000000000000, -0.000000000000000000, -1.000000000000000000 ) ) ;
#398 = VECTOR ( 'NONE', #264, 1000.000000000000114 ) ;
#399 = LINE ( 'NONE', #796, #921 ) ;
#400 = CARTESIAN_POINT ( 'NONE',  ( 33.65240181515486029, 0.000000000000000000, 4.919171653843424252 ) ) ;
#401 = ORIENTED_EDGE ( 'NONE', *, *, #712, .F. ) ;
#402 = DIRECTION ( 'NONE',  ( -0.7372714505087033521, 0.6755966313302579351, 0.000000000000000000 ) ) ;
#403 = DESIGN_CONTEXT ( 'detailed design', #982, 'design' ) ;
#404 = VERTEX_POINT ( 'NONE', #1247 ) ;
#405 = DIRECTION ( 'NONE',  ( -0.000000000000000000, -0.000000000000000000, -1.000000000000000000 ) ) ;
#406 = APPROVAL_PERSON_ORGANIZATION ( #432, #155, #1284 ) ;
#407 = CARTESIAN_POINT ( 'NONE',  ( 11.50769724484671030, 26.03875683752574588, 60.00000000000000000 ) ) ;
#408 = DIRECTION ( 'NONE',  ( 0.000000000000000000, -0.000000000000000000, 1.000000000000000000 ) ) ;
#409 = EDGE_CURVE ( 'NONE', #1560, #88, #1419, .T. ) ;
#410 = SECURITY_CLASSIFICATION ( '', '', #670 ) ;
#411 = ORIENTED_EDGE ( 'NONE', *, *, #102, .T. ) ;
#412 = LINE ( 'NONE', #1132, #1488 ) ;
#413 = ORIENTED_EDGE ( 'NONE', *, *, #1380, .F. ) ;
#414 = DIRECTION ( 'NONE',  ( -0.7003406701280763258, -0.7138087599382322290, 0.000000000000000000 ) ) ;
#415 = DIRECTION ( 'NONE',  ( 1.000000000000000000, 0.000000000000000000, -0.000000000000000000 ) ) ;
#416 = CARTESIAN_POINT ( 'NONE',  ( -13.51921137096445591, -192.0291495608623791, 68.43269929789566675 ) ) ;
#417 = EDGE_CURVE ( 'NONE', #233, #838, #547, .T. ) ;
#418 = VERTEX_POINT ( 'NONE', #1273 ) ;
#419 = FACE_OUTER_BOUND ( 'NONE', #1450, .T. ) ;
#420 = DIRECTION ( 'NONE',  ( 0.6755966313302580462, 0.7372714505087034631, -0.000000000000000000 ) ) ;
#421 = EDGE_LOOP ( 'NONE', ( #851, #727, #401, #119 ) ) ;
#422 = AXIS2_PLACEMENT_3D ( 'NONE', #486, #1460, #844 ) ;
#423 = DIRECTION ( 'NONE',  ( 0.000000000000000000, 0.000000000000000000, -1.000000000000000000 ) ) ;
#424 = DIRECTION ( 'NONE',  ( 0.000000000000000000, 0.000000000000000000, -1.000000000000000000 ) ) ;
#425 = DIRECTION ( 'NONE',  ( 0.000000000000000000, 0.000000000000000000, -1.000000000000000000 ) ) ;
#426 = EDGE_CURVE ( 'NONE', #418, #1211, #176, .T. ) ;
#427 = ORIENTED_EDGE ( 'NONE', *, *, #712, .T. ) ;
#428 = CARTESIAN_POINT ( 'NONE',  ( -27.78709651231128674, 18.30769334851423835, 42.05597137576093303 ) ) ;
#429 = CARTESIAN_POINT ( 'NONE',  ( 32.35584044485243993, -192.0291495608623791, 77.99999999999998579 ) ) ;
#430 = ADVANCED_FACE ( 'NONE', ( #943 ), #1280, .F. ) ;
#431 = ORIENTED_EDGE ( 'NONE', *, *, #305, .T. ) ;
#432 = PERSON_AND_ORGANIZATION ( #758, #894 ) ;
#433 = AXIS2_PLACEMENT_3D ( 'NONE', #1299, #683, #1164 ) ;
#434 = LINE ( 'NONE', #1363, #1120 ) ;
#435 = DIRECTION ( 'NONE',  ( 0.000000000000000000, 0.000000000000000000, -1.000000000000000000 ) ) ;
#436 = VECTOR ( 'NONE', #1315, 1000.000000000000000 ) ;
#437 = ORIENTED_EDGE ( 'NONE', *, *, #792, .T. ) ;
#438 = CARTESIAN_POINT ( 'NONE',  ( 0.000000000000000000, -194.0291495608623791, 0.000000000000000000 ) ) ;
#439 = DIRECTION ( 'NONE',  ( 0.000000000000000000, -1.000000000000000000, 0.000000000000000000 ) ) ;
#440 = VERTEX_POINT ( 'NONE', #1059 ) ;
#441 = PERSON_AND_ORGANIZATION_ROLE ( 'creator' ) ;
#442 = EDGE_LOOP ( 'NONE', ( #853, #492, #1208, #823 ) ) ;
#443 = DIRECTION ( 'NONE',  ( -0.000000000000000000, -0.000000000000000000, -1.000000000000000000 ) ) ;
#444 = ORIENTED_EDGE ( 'NONE', *, *, #1201, .F. ) ;
#445 = DIRECTION ( 'NONE',  ( -0.000000000000000000, -0.000000000000000000, -1.000000000000000000 ) ) ;
#446 = PRODUCT ( 'L_for_big', 'L_for_big', '', ( #685 ) ) ;
#447 = DIRECTION ( 'NONE',  ( -0.7003406701280763258, -0.7138087599382322290, 0.000000000000000000 ) ) ;
#448 = VERTEX_POINT ( 'NONE', #311 ) ;
#449 = VERTEX_POINT ( 'NONE', #1428 ) ;
#450 = DIRECTION ( 'NONE',  ( 0.000000000000000000, -1.000000000000000000, 0.000000000000000000 ) ) ;
#451 = VECTOR ( 'NONE', #1502, 999.9999999999998863 ) ;
#452 = CARTESIAN_POINT ( 'NONE',  ( -6.577036136385394194, -15.26885321830871334, 62.99999999999998579 ) ) ;
#453 = LINE ( 'NONE', #1393, #604 ) ;
#454 = LINE ( 'NONE', #1067, #25 ) ;
#455 = VECTOR ( 'NONE', #750, 1000.000000000000000 ) ;
#456 = ORIENTED_EDGE ( 'NONE', *, *, #1514, .F. ) ;
#457 = ORIENTED_EDGE ( 'NONE', *, *, #252, .F. ) ;
#458 = DIRECTION ( 'NONE',  ( -0.000000000000000000, 0.000000000000000000, -1.000000000000000000 ) ) ;
#459 = ORIENTED_EDGE ( 'NONE', *, *, #947, .F. ) ;
#460 = ORIENTED_EDGE ( 'NONE', *, *, #1107, .T. ) ;
#461 = CARTESIAN_POINT ( 'NONE',  ( 11.50769724484671030, 18.30769334851423835, 0.000000000000000000 ) ) ;
#462 = CARTESIAN_POINT ( 'NONE',  ( 0.000000000000000000, 0.000000000000000000, 77.99999999999998579 ) ) ;
#463 = VERTEX_POINT ( 'NONE', #1522 ) ;
#464 = PERSON_AND_ORGANIZATION ( #758, #894 ) ;
#465 = EDGE_CURVE ( 'NONE', #1094, #1345, #454, .T. ) ;
#466 = ORIENTED_EDGE ( 'NONE', *, *, #1438, .F. ) ;
#467 = APPROVAL_PERSON_ORGANIZATION ( #5, #1378, #1207 ) ;
#468 = EDGE_CURVE ( 'NONE', #688, #700, #1548, .T. ) ;
#469 = FACE_OUTER_BOUND ( 'NONE', #935, .T. ) ;
#470 = ORIENTED_EDGE ( 'NONE', *, *, #372, .T. ) ;
#471 = ORIENTED_EDGE ( 'NONE', *, *, #82, .F. ) ;
#472 = FACE_OUTER_BOUND ( 'NONE', #1314, .T. ) ;
#473 = DIRECTION ( 'NONE',  ( -0.000000000000000000, 0.000000000000000000, -1.000000000000000000 ) ) ;
#474 = ORIENTED_EDGE ( 'NONE', *, *, #1441, .F. ) ;
#475 = ORIENTED_EDGE ( 'NONE', *, *, #244, .T. ) ;
#476 = AXIS2_PLACEMENT_3D ( 'NONE', #394, #505, #1125 ) ;
#477 = CARTESIAN_POINT ( 'NONE',  ( -19.21902400622651896, 18.85640091176939848, 60.00000000000000000 ) ) ;
#478 = ORIENTED_EDGE ( 'NONE', *, *, #1081, .T. ) ;
#479 = FACE_OUTER_BOUND ( 'NONE', #284, .T. ) ;
#480 = DIRECTION ( 'NONE',  ( 0.000000000000000000, -1.000000000000000000, 0.000000000000000000 ) ) ;
#481 = ADVANCED_FACE ( 'NONE', ( #61 ), #1511, .T. ) ;
#482 = EDGE_CURVE ( 'NONE', #449, #404, #1536, .T. ) ;
#483 = CALENDAR_DATE ( 2025, 18, 8 ) ;
#484 = ORIENTED_EDGE ( 'NONE', *, *, #626, .F. ) ;
#485 = EDGE_CURVE ( 'NONE', #959, #696, #570, .T. ) ;
#486 = CARTESIAN_POINT ( 'NONE',  ( -13.51921137096445591, 19.31710404212627452, 77.99999999999998579 ) ) ;
#487 = VERTEX_POINT ( 'NONE', #183 ) ;
#488 = DIRECTION ( 'NONE',  ( -1.000000000000000000, 0.000000000000000000, 0.000000000000000000 ) ) ;
#489 = CARTESIAN_POINT ( 'NONE',  ( 6.598645166876693224, -173.9612431624742612, 6.164324400165930307 ) ) ;
#490 = ORIENTED_EDGE ( 'NONE', *, *, #1327, .F. ) ;
#491 = PLANE ( 'NONE',  #347 ) ;
#492 = ORIENTED_EDGE ( 'NONE', *, *, #187, .T. ) ;
#493 = DIRECTION ( 'NONE',  ( 0.000000000000000000, -1.000000000000000000, 0.000000000000000000 ) ) ;
#494 = LINE ( 'NONE', #855, #633 ) ;
#495 = EDGE_CURVE ( 'NONE', #960, #564, #1395, .T. ) ;
#496 = ORIENTED_EDGE ( 'NONE', *, *, #482, .T. ) ;
#497 = FACE_OUTER_BOUND ( 'NONE', #1293, .T. ) ;
#498 = AXIS2_PLACEMENT_3D ( 'NONE', #977, #385, #629 ) ;
#499 = CARTESIAN_POINT ( 'NONE',  ( -23.51921137096445946, -182.0291495608623507, 68.43269929789566675 ) ) ;
#500 = CARTESIAN_POINT ( 'NONE',  ( 22.65858127793199017, 0.000000000000000000, 0.000000000000000000 ) ) ;
#501 = ORIENTED_EDGE ( 'NONE', *, *, #1542, .T. ) ;
#502 = CARTESIAN_POINT ( 'NONE',  ( 11.50769724484671030, 26.03875683752574588, 0.000000000000000000 ) ) ;
#503 = ORIENTED_EDGE ( 'NONE', *, *, #630, .T. ) ;
#504 = DIRECTION ( 'NONE',  ( 1.000000000000000000, 0.000000000000000000, 0.000000000000000000 ) ) ;
#505 = DIRECTION ( 'NONE',  ( 1.000000000000000000, 0.000000000000000000, -0.000000000000000000 ) ) ;
#506 = AXIS2_PLACEMENT_3D ( 'NONE', #563, #1528, #1159 ) ;
#507 = DIRECTION ( 'NONE',  ( -1.000000000000000000, -0.000000000000000000, -0.000000000000000000 ) ) ;
#508 = VECTOR ( 'NONE', #1145, 1000.000000000000000 ) ;
#509 = ADVANCED_FACE ( 'NONE', ( #193 ), #918, .T. ) ;
#510 = CARTESIAN_POINT ( 'NONE',  ( -38.43146542981077118, -173.9612431624742612, 6.164324400165930307 ) ) ;
#511 = EDGE_CURVE ( 'NONE', #1094, #463, #1290, .T. ) ;
#512 = AXIS2_PLACEMENT_3D ( 'NONE', #1259, #1490, #922 ) ;
#513 = CARTESIAN_POINT ( 'NONE',  ( 11.50769724484671030, 18.30769334851423835, 60.00000000000000000 ) ) ;
#514 = CARTESIAN_POINT ( 'NONE',  ( 8.009577516757570237, 3.970850439137640908, 64.43269929789566675 ) ) ;
#515 = PLANE ( 'NONE',  #127 ) ;
#516 = CARTESIAN_POINT ( 'NONE',  ( 33.65240181515486029, -50.75106913066090897, 0.000000000000000000 ) ) ;
#517 = CARTESIAN_POINT ( 'NONE',  ( -37.64415955514756718, -194.0291495608623791, 64.99999999999998579 ) ) ;
#518 = CARTESIAN_POINT ( 'NONE',  ( -27.78709651231128674, 26.03875683752574588, 60.00000000000000000 ) ) ;
#519 = DIRECTION ( 'NONE',  ( -1.000000000000000000, 0.000000000000000000, 0.000000000000000000 ) ) ;
#520 = ORIENTED_EDGE ( 'NONE', *, *, #231, .T. ) ;
#521 = VECTOR ( 'NONE', #1407, 1000.000000000000000 ) ;
#522 = CARTESIAN_POINT ( 'NONE',  ( 22.65858127793199017, -50.75106913066090897, 60.00000000000000000 ) ) ;
#523 = EDGE_CURVE ( 'NONE', #747, #1420, #213, .T. ) ;
#524 = CIRCLE ( 'NONE', #1413, 10.00000000000000000 ) ;
#525 = CARTESIAN_POINT ( 'NONE',  ( -27.78709651231128674, 26.03875683752574588, 60.00000000000000000 ) ) ;
#526 = DIRECTION ( 'NONE',  ( 0.7003406701280763258, 0.7138087599382322290, 0.000000000000000000 ) ) ;
#527 = VECTOR ( 'NONE', #87, 1000.000000000000000 ) ;
#528 = EDGE_LOOP ( 'NONE', ( #197, #1089, #21, #216 ) ) ;
#529 = DIRECTION ( 'NONE',  ( 0.000000000000000000, 0.000000000000000000, -1.000000000000000000 ) ) ;
#530 = EDGE_LOOP ( 'NONE', ( #798, #717, #767, #596, #109, #111, #846, #344, #304, #239, #555 ) ) ;
#531 = LINE ( 'NONE', #286, #218 ) ;
#532 = ADVANCED_FACE ( 'NONE', ( #676 ), #319, .F. ) ;
#533 = PRODUCT_DEFINITION_FORMATION_WITH_SPECIFIED_SOURCE ( 'ANY', '', #446, .NOT_KNOWN. ) ;
#534 = FACE_OUTER_BOUND ( 'NONE', #339, .T. ) ;
#535 = DIRECTION ( 'NONE',  ( -0.000000000000000000, 0.000000000000000000, 1.000000000000000000 ) ) ;
#536 = EDGE_LOOP ( 'NONE', ( #2, #253, #185, #988 ) ) ;
#537 = CARTESIAN_POINT ( 'NONE',  ( 22.65858127793199017, -28.41377804188175205, 56.22979337019723545 ) ) ;
#538 = ORIENTED_EDGE ( 'NONE', *, *, #1040, .F. ) ;
#539 = EDGE_CURVE ( 'NONE', #487, #449, #1050, .T. ) ;
#540 = LINE ( 'NONE', #1474, #835 ) ;
#541 = PLANE ( 'NONE',  #361 ) ;
#542 = PLANE ( 'NONE',  #1281 ) ;
#543 = CIRCLE ( 'NONE', #1151, 4.000000000000003553 ) ;
#544 = ADVANCED_FACE ( 'NONE', ( #1408 ), #810, .F. ) ;
#545 = ORIENTED_EDGE ( 'NONE', *, *, #75, .F. ) ;
#546 = DIRECTION ( 'NONE',  ( 1.000000000000000000, 0.000000000000000000, 0.000000000000000000 ) ) ;
#547 = LINE ( 'NONE', #1180, #944 ) ;
#548 = ORIENTED_EDGE ( 'NONE', *, *, #714, .T. ) ;
#549 = CIRCLE ( 'NONE', #1436, 10.00000000000000178 ) ;
#550 = DIRECTION ( 'NONE',  ( -0.000000000000000000, 0.000000000000000000, 1.000000000000000000 ) ) ;
#551 = PLANE ( 'NONE',  #1340 ) ;
#552 = VERTEX_POINT ( 'NONE', #1445 ) ;
#553 = LINE ( 'NONE', #428, #1482 ) ;
#554 = DIRECTION ( 'NONE',  ( 0.7372714505087034631, -0.6755966313302580462, 0.000000000000000000 ) ) ;
#555 = ORIENTED_EDGE ( 'NONE', *, *, #996, .T. ) ;
#556 = CARTESIAN_POINT ( 'NONE',  ( 0.000000000000000000, 0.000000000000000000, 62.99999999999998579 ) ) ;
#557 = VECTOR ( 'NONE', #79, 1000.000000000000000 ) ;
#558 = ADVANCED_FACE ( 'NONE', ( #725 ), #129, .T. ) ;
#559 = LINE ( 'NONE', #1295, #1449 ) ;
#560 = VECTOR ( 'NONE', #50, 1000.000000000000000 ) ;
#561 = EDGE_LOOP ( 'NONE', ( #622, #1368, #55, #705 ) ) ;
#562 = CARTESIAN_POINT ( 'NONE',  ( 33.65240181515486029, -24.35456645409672660, 63.00000000000000000 ) ) ;
#563 = CARTESIAN_POINT ( 'NONE',  ( 11.50769724484671030, 26.03875683752574588, 63.00000000000000000 ) ) ;
#564 = VERTEX_POINT ( 'NONE', #606 ) ;
#565 = APPROVAL_DATE_TIME ( #1550, #1 ) ;
#566 = ORIENTED_EDGE ( 'NONE', *, *, #610, .T. ) ;
#567 = CARTESIAN_POINT ( 'NONE',  ( 22.65858127793199017, -28.41377804188175205, 56.22979337019723545 ) ) ;
#568 = CYLINDRICAL_SURFACE ( 'NONE', #1398, 4.000000000000003553 ) ;
#569 = CARTESIAN_POINT ( 'NONE',  ( 1.270597078670981261, -31.15224963752098475, 61.43269929789566675 ) ) ;
#570 = LINE ( 'NONE', #1402, #1466 ) ;
#571 = ORIENTED_EDGE ( 'NONE', *, *, #578, .T. ) ;
#572 = CARTESIAN_POINT ( 'NONE',  ( 33.65240181515486029, 0.000000000000000000, 0.000000000000000000 ) ) ;
#573 = EDGE_LOOP ( 'NONE', ( #964, #1549, #686, #484 ) ) ;
#574 = CARTESIAN_POINT ( 'NONE',  ( 11.50769724484671030, 26.03875683752574588, 0.000000000000000000 ) ) ;
#575 = VERTEX_POINT ( 'NONE', #1092 ) ;
#576 = CARTESIAN_POINT ( 'NONE',  ( -23.51921137096445946, -192.0291495608623791, 68.43269929789566675 ) ) ;
#577 = PLANE ( 'NONE',  #804 ) ;
#578 = EDGE_CURVE ( 'NONE', #603, #334, #108, .T. ) ;
#579 = DIRECTION ( 'NONE',  ( 0.000000000000000000, -1.000000000000000000, 0.000000000000000000 ) ) ;
#580 = EDGE_LOOP ( 'NONE', ( #1223, #227, #99, #1317 ) ) ;
#581 = EDGE_CURVE ( 'NONE', #404, #1470, #619, .T. ) ;
#582 = PERSON_AND_ORGANIZATION ( #758, #894 ) ;
#583 = EDGE_LOOP ( 'NONE', ( #460, #648, #723 ) ) ;
#584 = VECTOR ( 'NONE', #1405, 1000.000000000000000 ) ;
#585 = VECTOR ( 'NONE', #1198, 1000.000000000000000 ) ;
#586 = EDGE_CURVE ( 'NONE', #861, #691, #494, .T. ) ;
#587 = DIRECTION ( 'NONE',  ( -0.7372714505087034631, 0.6755966313302578241, -0.000000000000000000 ) ) ;
#588 = ORIENTED_EDGE ( 'NONE', *, *, #1353, .T. ) ;
#589 = VERTEX_POINT ( 'NONE', #980 ) ;
#590 = DIRECTION ( 'NONE',  ( 0.7138087599382323400, -0.7003406701280764368, 0.000000000000000000 ) ) ;
#591 = LINE ( 'NONE', #1100, #1390 ) ;
#592 = ORIENTED_EDGE ( 'NONE', *, *, #62, .T. ) ;
#593 = VERTEX_POINT ( 'NONE', #963 ) ;
#594 = EDGE_CURVE ( 'NONE', #224, #1216, #1336, .T. ) ;
#595 = EDGE_CURVE ( 'NONE', #575, #1043, #134, .T. ) ;
#596 = ORIENTED_EDGE ( 'NONE', *, *, #136, .T. ) ;
#597 = LINE ( 'NONE', #1187, #263 ) ;
#598 = ADVANCED_FACE ( 'NONE', ( #352 ), #1310, .F. ) ;
#599 = CARTESIAN_POINT ( 'NONE',  ( 0.000000000000000000, 0.000000000000000000, 59.99999999999998579 ) ) ;
#600 = ORIENTED_EDGE ( 'NONE', *, *, #143, .T. ) ;
#601 = VECTOR ( 'NONE', #270, 1000.000000000000000 ) ;
#602 = DIRECTION ( 'NONE',  ( 0.000000000000000000, -1.000000000000000000, 0.000000000000000000 ) ) ;
#603 = VERTEX_POINT ( 'NONE', #1452 ) ;
#604 = VECTOR ( 'NONE', #1263, 1000.000000000000000 ) ;
#605 = CARTESIAN_POINT ( 'NONE',  ( -10.90662427549003333, -19.99368691254680641, 68.43269929789566675 ) ) ;
#606 = CARTESIAN_POINT ( 'NONE',  ( 32.35584044485243993, -192.0291495608623791, 64.99999999999998579 ) ) ;
#607 = ORIENTED_EDGE ( 'NONE', *, *, #714, .F. ) ;
#608 = VECTOR ( 'NONE', #504, 1000.000000000000000 ) ;
#609 = DIRECTION ( 'NONE',  ( -0.000000000000000000, -0.000000000000000000, -1.000000000000000000 ) ) ;
#610 = EDGE_CURVE ( 'NONE', #946, #666, #1189, .T. ) ;
#611 = ORIENTED_EDGE ( 'NONE', *, *, #1353, .F. ) ;
#612 = ADVANCED_FACE ( 'NONE', ( #732 ), #1214, .T. ) ;
#613 = DIRECTION ( 'NONE',  ( 0.000000000000000000, 0.000000000000000000, 1.000000000000000000 ) ) ;
#614 = DIRECTION ( 'NONE',  ( -0.6968851339397025280, -0.7171827592000820095, -0.000000000000000000 ) ) ;
#615 = VECTOR ( 'NONE', #154, 1000.000000000000000 ) ;
#616 = ORIENTED_EDGE ( 'NONE', *, *, #1234, .F. ) ;
#617 = LINE ( 'NONE', #234, #92 ) ;
#618 = DIRECTION ( 'NONE',  ( 1.000000000000000000, 0.000000000000000000, 0.000000000000000000 ) ) ;
#619 = LINE ( 'NONE', #10, #782 ) ;
#620 = ORIENTED_EDGE ( 'NONE', *, *, #485, .T. ) ;
#621 = CARTESIAN_POINT ( 'NONE',  ( -35.35531199637797783, 2.409799691038088554, 42.05597137576093303 ) ) ;
#622 = ORIENTED_EDGE ( 'NONE', *, *, #1191, .F. ) ;
#623 = VECTOR ( 'NONE', #137, 1000.000000000000000 ) ;
#624 = CARTESIAN_POINT ( 'NONE',  ( 22.65858127793199017, -50.75106913066090897, 60.00000000000000000 ) ) ;
#625 = CARTESIAN_POINT ( 'NONE',  ( 5.600185217775615953, -26.42741594328288457, 62.99999999999998579 ) ) ;
#626 = EDGE_CURVE ( 'NONE', #224, #923, #1343, .T. ) ;
#627 = DIRECTION ( 'NONE',  ( 0.000000000000000000, 0.000000000000000000, 1.000000000000000000 ) ) ;
#628 = EDGE_CURVE ( 'NONE', #220, #603, #591, .T. ) ;
#629 = DIRECTION ( 'NONE',  ( 0.6968851339397025280, 0.7171827592000820095, 0.000000000000000000 ) ) ;
#630 = EDGE_CURVE ( 'NONE', #1080, #1334, #1565, .T. ) ;
#631 = CARTESIAN_POINT ( 'NONE',  ( 22.65858127793199017, -50.75106913066090897, 63.00000000000000000 ) ) ;
#632 = CARTESIAN_POINT ( 'NONE',  ( -38.43146542981077118, 15.03682415567556063, 42.05597137576093303 ) ) ;
#633 = VECTOR ( 'NONE', #614, 1000.000000000000000 ) ;
#634 = LINE ( 'NONE', #1121, #1415 ) ;
#635 = VECTOR ( 'NONE', #695, 1000.000000000000000 ) ;
#636 = LINE ( 'NONE', #1505, #1029 ) ;
#637 = EDGE_CURVE ( 'NONE', #898, #1334, #1077, .T. ) ;
#638 = CARTESIAN_POINT ( 'NONE',  ( 6.598645166876693224, 18.30769334851423125, 6.164324400165930307 ) ) ;
#639 = EDGE_CURVE ( 'NONE', #1345, #1373, #749, .T. ) ;
#640 = CARTESIAN_POINT ( 'NONE',  ( -13.51921137096445591, 3.970850439137651122, 62.99999999999998579 ) ) ;
#641 = LINE ( 'NONE', #1255, #1136 ) ;
#642 = EDGE_CURVE ( 'NONE', #1421, #1519, #230, .T. ) ;
#643 = DIRECTION ( 'NONE',  ( 0.7138087599382320070, -0.7003406701280765478, 0.000000000000000000 ) ) ;
#644 = LINE ( 'NONE', #1498, #847 ) ;
#645 = PLANE ( 'NONE',  #806 ) ;
#646 = ORIENTED_EDGE ( 'NONE', *, *, #586, .T. ) ;
#647 = CARTESIAN_POINT ( 'NONE',  ( 33.65240181515486029, 0.000000000000000000, 60.00000000000000000 ) ) ;
#648 = ORIENTED_EDGE ( 'NONE', *, *, #1380, .T. ) ;
#649 = CIRCLE ( 'NONE', #938, 4.000000000000003553 ) ;
#650 = LINE ( 'NONE', #26, #904 ) ;
#651 = VECTOR ( 'NONE', #275, 1000.000000000000114 ) ;
#652 = PLANE ( 'NONE',  #1046 ) ;
#653 = EDGE_CURVE ( 'NONE', #1433, #1080, #1085, .T. ) ;
#654 = CARTESIAN_POINT ( 'NONE',  ( 222.6585812779320008, -28.41377804188175205, 4.919171653843424252 ) ) ;
#655 = ADVANCED_FACE ( 'NONE', ( #1330 ), #237, .F. ) ;
#656 = VECTOR ( 'NONE', #272, 1000.000000000000000 ) ;
#657 = VERTEX_POINT ( 'NONE', #266 ) ;
#658 = CARTESIAN_POINT ( 'NONE',  ( 32.35584044485243993, -194.0291495608623791, 64.99999999999998579 ) ) ;
#659 = EDGE_LOOP ( 'NONE', ( #1337, #856, #1400, #908 ) ) ;
#660 = LINE ( 'NONE', #56, #949 ) ;
#661 = EDGE_CURVE ( 'NONE', #1265, #1094, #994, .T. ) ;
#662 = VECTOR ( 'NONE', #1250, 1000.000000000000000 ) ;
#663 = CARTESIAN_POINT ( 'NONE',  ( 33.65240181515486029, -24.35456645409672660, 63.00000000000000000 ) ) ;
#664 = CLOSED_SHELL ( 'NONE', ( #1557, #1093, #208, #985, #271, #598, #745, #204, #348, #1351, #1225, #379, #532, #544, #1323, #558, #757, #612, #1079, #1037, #1153, #33, #869, #1268, #257, #481, #1045, #1102, #1095, #866, #1515, #743, #43, #655, #1372, #89, #509, #1219, #142, #755, #1374, #15, #307, #430, #18, #1206 ) ) ;
#665 = FACE_OUTER_BOUND ( 'NONE', #1454, .T. ) ;
#666 = VERTEX_POINT ( 'NONE', #1354 ) ;
#667 = CARTESIAN_POINT ( 'NONE',  ( 8.009577516757570237, 3.970850439137651122, 66.99999999999998579 ) ) ;
#668 = DIRECTION ( 'NONE',  ( -0.6755966313302580462, -0.7372714505087033521, -0.000000000000000000 ) ) ;
#669 = ORIENTED_EDGE ( 'NONE', *, *, #366, .F. ) ;
#670 = SECURITY_CLASSIFICATION_LEVEL ( 'unclassified' ) ;
#671 = DIRECTION ( 'NONE',  ( 1.000000000000000000, 0.000000000000000000, -0.000000000000000000 ) ) ;
#672 = FACE_OUTER_BOUND ( 'NONE', #442, .T. ) ;
#673 = VECTOR ( 'NONE', #493, 1000.000000000000000 ) ;
#674 = ORIENTED_EDGE ( 'NONE', *, *, #893, .T. ) ;
#675 = CARTESIAN_POINT ( 'NONE',  ( 222.6585812779320008, -28.41377804188175205, 4.919171653843424252 ) ) ;
#676 = FACE_OUTER_BOUND ( 'NONE', #177, .T. ) ;
#677 = VERTEX_POINT ( 'NONE', #625 ) ;
#678 = CC_DESIGN_PERSON_AND_ORGANIZATION_ASSIGNMENT ( #464, #956, ( #533 ) ) ;
#679 = PERSON_AND_ORGANIZATION ( #758, #894 ) ;
#680 = DIRECTION ( 'NONE',  ( 0.000000000000000000, -1.000000000000000000, 0.000000000000000000 ) ) ;
#681 = ORIENTED_EDGE ( 'NONE', *, *, #383, .T. ) ;
#682 = LINE ( 'NONE', #562, #730 ) ;
#683 = DIRECTION ( 'NONE',  ( 1.000000000000000000, 0.000000000000000000, 0.000000000000000000 ) ) ;
#684 = ORIENTED_EDGE ( 'NONE', *, *, #1386, .F. ) ;
#685 = MECHANICAL_CONTEXT ( 'NONE', #1461, 'mechanical' ) ;
#686 = ORIENTED_EDGE ( 'NONE', *, *, #1312, .F. ) ;
#687 = CARTESIAN_POINT ( 'NONE',  ( -0.000000000000000000, -24.35456645409672660, 0.000000000000000000 ) ) ;
#688 = VERTEX_POINT ( 'NONE', #1000 ) ;
#689 = CARTESIAN_POINT ( 'NONE',  ( 222.6585812779320008, -28.41377804188175205, 56.22979337019723545 ) ) ;
#690 = DIRECTION ( 'NONE',  ( 0.000000000000000000, -0.000000000000000000, -1.000000000000000000 ) ) ;
#691 = VERTEX_POINT ( 'NONE', #759 ) ;
#692 = APPROVAL_STATUS ( 'not_yet_approved' ) ;
#693 = EDGE_CURVE ( 'NONE', #115, #1196, #1240, .T. ) ;
#694 = ORIENTED_EDGE ( 'NONE', *, *, #626, .T. ) ;
#695 = DIRECTION ( 'NONE',  ( 1.000000000000000000, 0.000000000000000000, 0.000000000000000000 ) ) ;
#696 = VERTEX_POINT ( 'NONE', #1348 ) ;
#697 = ORIENTED_EDGE ( 'NONE', *, *, #693, .T. ) ;
#698 = DIRECTION ( 'NONE',  ( 0.000000000000000000, 0.000000000000000000, 1.000000000000000000 ) ) ;
#699 = CARTESIAN_POINT ( 'NONE',  ( 11.50769724484671030, 26.03875683752574588, 63.00000000000000000 ) ) ;
#700 = VERTEX_POINT ( 'NONE', #632 ) ;
#701 = EDGE_CURVE ( 'NONE', #1519, #1043, #1119, .T. ) ;
#702 = ORIENTED_EDGE ( 'NONE', *, *, #653, .F. ) ;
#703 = VECTOR ( 'NONE', #247, 1000.000000000000000 ) ;
#704 = DIRECTION ( 'NONE',  ( -1.000000000000000000, 0.000000000000000000, 0.000000000000000000 ) ) ;
#705 = ORIENTED_EDGE ( 'NONE', *, *, #293, .F. ) ;
#706 = VERTEX_POINT ( 'NONE', #746 ) ;
#707 = CARTESIAN_POINT ( 'NONE',  ( -13.51921137096445591, -182.0291495608623507, 77.99999999999998579 ) ) ;
#708 = DIRECTION ( 'NONE',  ( 0.7138087599382323400, -0.7003406701280764368, 0.000000000000000000 ) ) ;
#709 = ORIENTED_EDGE ( 'NONE', *, *, #383, .F. ) ;
#710 = COORDINATED_UNIVERSAL_TIME_OFFSET ( 0, 0, .AHEAD. ) ;
#711 = VERTEX_POINT ( 'NONE', #868 ) ;
#712 = EDGE_CURVE ( 'NONE', #1162, #276, #543, .T. ) ;
#713 = VECTOR ( 'NONE', #1463, 1000.000000000000000 ) ;
#714 = EDGE_CURVE ( 'NONE', #349, #564, #751, .T. ) ;
#715 = ORIENTED_EDGE ( 'NONE', *, *, #1040, .T. ) ;
#716 = VECTOR ( 'NONE', #443, 1000.000000000000000 ) ;
#717 = ORIENTED_EDGE ( 'NONE', *, *, #1188, .F. ) ;
#718 = PLANE ( 'NONE',  #321 ) ;
#719 = CARTESIAN_POINT ( 'NONE',  ( 22.65858127793199017, -50.75106913066090897, 63.00000000000000000 ) ) ;
#720 = VECTOR ( 'NONE', #179, 1000.000000000000000 ) ;
#721 = ORIENTED_EDGE ( 'NONE', *, *, #1156, .T. ) ;
#722 = CARTESIAN_POINT ( 'NONE',  ( 6.598645166876693224, -173.9612431624742612, 6.164324400165930307 ) ) ;
#723 = ORIENTED_EDGE ( 'NONE', *, *, #586, .F. ) ;
#724 = CARTESIAN_POINT ( 'NONE',  ( 33.65240181515486029, -46.19873457304821329, 56.22979337019723545 ) ) ;
#725 = FACE_OUTER_BOUND ( 'NONE', #59, .T. ) ;
#726 = APPROVAL_DATE_TIME ( #362, #1378 ) ;
#727 = ORIENTED_EDGE ( 'NONE', *, *, #66, .T. ) ;
#728 = LINE ( 'NONE', #1209, #1458 ) ;
#729 = ORIENTED_EDGE ( 'NONE', *, *, #229, .T. ) ;
#730 = VECTOR ( 'NONE', #445, 1000.000000000000000 ) ;
#731 = FACE_OUTER_BOUND ( 'NONE', #342, .T. ) ;
#732 = FACE_OUTER_BOUND ( 'NONE', #330, .T. ) ;
#733 = ORIENTED_EDGE ( 'NONE', *, *, #1365, .F. ) ;
#734 = VECTOR ( 'NONE', #867, 1000.000000000000000 ) ;
#735 = FACE_OUTER_BOUND ( 'NONE', #336, .T. ) ;
#736 = CIRCLE ( 'NONE', #1464, 4.000000000000003553 ) ;
#737 = CARTESIAN_POINT ( 'NONE',  ( -27.78709651231128674, 26.03875683752574588, 6.164324400165926754 ) ) ;
#738 = CARTESIAN_POINT ( 'NONE',  ( 22.65858127793199017, -28.41377804188175205, 4.919171653843424252 ) ) ;
#739 = LOCAL_TIME ( 16, 21, 58.00000000000000000, #215 ) ;
#740 = ORIENTED_EDGE ( 'NONE', *, *, #28, .F. ) ;
#741 = LINE ( 'NONE', #966, #1309 ) ;
#742 = LOCAL_TIME ( 16, 21, 58.00000000000000000, #710 ) ;
#743 = ADVANCED_FACE ( 'NONE', ( #1476 ), #23, .F. ) ;
#744 = LINE ( 'NONE', #387, #455 ) ;
#745 = ADVANCED_FACE ( 'NONE', ( #1472, #883 ), #1359, .F. ) ;
#746 = CARTESIAN_POINT ( 'NONE',  ( 33.65240181515486029, -24.35456645409672660, 0.000000000000000000 ) ) ;
#747 = VERTEX_POINT ( 'NONE', #250 ) ;
#748 = CARTESIAN_POINT ( 'NONE',  ( 8.009577516757570237, 19.31710404212627452, 77.99999999999998579 ) ) ;
#749 = CIRCLE ( 'NONE', #63, 10.00000000000000000 ) ;
#750 = DIRECTION ( 'NONE',  ( -0.000000000000000000, -0.000000000000000000, -1.000000000000000000 ) ) ;
#751 = LINE ( 'NONE', #1114, #391 ) ;
#752 = LINE ( 'NONE', #24, #1011 ) ;
#753 = CARTESIAN_POINT ( 'NONE',  ( 11.50769724484671030, 26.03875683752574588, 63.00000000000000000 ) ) ;
#754 = EDGE_CURVE ( 'NONE', #1501, #1538, #1090, .T. ) ;
#755 = ADVANCED_FACE ( 'NONE', ( #479 ), #359, .F. ) ;
#756 = CARTESIAN_POINT ( 'NONE',  ( 16.20753404204814174, -14.85172848266819479, 62.99999999999998579 ) ) ;
#757 = ADVANCED_FACE ( 'NONE', ( #236 ), #1197, .F. ) ;
#758 = PERSON ( 'UNSPECIFIED', 'UNSPECIFIED', 'UNSPECIFIED', ('UNSPECIFIED'), ('UNSPECIFIED'), ('UNSPECIFIED') ) ;
#759 = CARTESIAN_POINT ( 'NONE',  ( -43.23504978325509995, 10.14086318004959608, 60.00000000000000000 ) ) ;
#760 = CARTESIAN_POINT ( 'NONE',  ( 8.009577516757570237, 7.759285706664817539, 65.71634964894781206 ) ) ;
#761 = VECTOR ( 'NONE', #587, 1000.000000000000000 ) ;
#762 = LINE ( 'NONE', #1243, #1379 ) ;
#763 = LINE ( 'NONE', #663, #1394 ) ;
#764 = CARTESIAN_POINT ( 'NONE',  ( -38.43146542981077118, -173.9612431624742612, 42.05597137576093303 ) ) ;
#765 = ORIENTED_EDGE ( 'NONE', *, *, #953, .F. ) ;
#766 = DIRECTION ( 'NONE',  ( -0.000000000000000000, -0.000000000000000000, -1.000000000000000000 ) ) ;
#767 = ORIENTED_EDGE ( 'NONE', *, *, #893, .F. ) ;
#768 = DIRECTION ( 'NONE',  ( 1.000000000000000000, 0.000000000000000000, 0.000000000000000000 ) ) ;
#769 = EDGE_CURVE ( 'NONE', #871, #1345, #368, .T. ) ;
#770 = PLANE ( 'NONE',  #300 ) ;
#771 = CARTESIAN_POINT ( 'NONE',  ( -19.75737859659007256, 18.30769334851423480, 60.00000000000000000 ) ) ;
#772 = VECTOR ( 'NONE', #1200, 1000.000000000000000 ) ;
#773 = ORIENTED_EDGE ( 'NONE', *, *, #1201, .T. ) ;
#774 = DIRECTION ( 'NONE',  ( -1.000000000000000000, 0.000000000000000000, -0.000000000000000000 ) ) ;
#775 = ORIENTED_EDGE ( 'NONE', *, *, #653, .T. ) ;
#776 = FACE_OUTER_BOUND ( 'NONE', #528, .T. ) ;
#777 = LINE ( 'NONE', #1244, #78 ) ;
#778 = CARTESIAN_POINT ( 'NONE',  ( -35.35531199637797783, 2.409799691038088554, 60.00000000000000000 ) ) ;
#779 = VECTOR ( 'NONE', #1503, 1000.000000000000000 ) ;
#780 = EDGE_LOOP ( 'NONE', ( #241, #1033, #437, #681 ) ) ;
#781 = LINE ( 'NONE', #942, #245 ) ;
#782 = VECTOR ( 'NONE', #369, 1000.000000000000114 ) ;
#783 = CARTESIAN_POINT ( 'NONE',  ( 22.65858127793199017, -46.19873457304821329, 4.919171653843424252 ) ) ;
#784 = ORIENTED_EDGE ( 'NONE', *, *, #834, .T. ) ;
#785 = CARTESIAN_POINT ( 'NONE',  ( 8.009577516757570237, -182.0291495608623507, 77.99999999999998579 ) ) ;
#786 = AXIS2_PLACEMENT_3D ( 'NONE', #1073, #825, #805 ) ;
#787 = FACE_OUTER_BOUND ( 'NONE', #580, .T. ) ;
#788 = CARTESIAN_POINT ( 'NONE',  ( 0.000000000000000000, 0.000000000000000000, 0.000000000000000000 ) ) ;
#789 = EDGE_CURVE ( 'NONE', #1470, #1211, #113, .T. ) ;
#790 = ORIENTED_EDGE ( 'NONE', *, *, #1055, .T. ) ;
#791 = PLANE ( 'NONE',  #316 ) ;
#792 = EDGE_CURVE ( 'NONE', #6, #1322, #597, .T. ) ;
#793 = DIRECTION ( 'NONE',  ( -0.4023069515342779234, 0.9155048425580259996, -0.000000000000000000 ) ) ;
#794 = ORIENTED_EDGE ( 'NONE', *, *, #231, .F. ) ;
#795 = APPLICATION_PROTOCOL_DEFINITION ( 'international standard', 'config_control_design', 1994, #982 ) ;
#796 = CARTESIAN_POINT ( 'NONE',  ( -13.51921137096445591, 19.31710404212627452, 62.99999999999998579 ) ) ;
#797 = AXIS2_PLACEMENT_3D ( 'NONE', #848, #590, #1451 ) ;
#798 = ORIENTED_EDGE ( 'NONE', *, *, #1058, .F. ) ;
#799 = CARTESIAN_POINT ( 'NONE',  ( 33.65240181515486029, -28.41377804188175205, 60.00000000000000000 ) ) ;
#800 = DIRECTION ( 'NONE',  ( 0.000000000000000000, 0.000000000000000000, -1.000000000000000000 ) ) ;
#801 = ORIENTED_EDGE ( 'NONE', *, *, #326, .T. ) ;
#802 =( NAMED_UNIT ( * ) PLANE_ANGLE_UNIT ( ) SI_UNIT ( $, .RADIAN. ) );
#803 = VERTEX_POINT ( 'NONE', #724 ) ;
#804 = AXIS2_PLACEMENT_3D ( 'NONE', #1049, #906, #1401 ) ;
#805 = DIRECTION ( 'NONE',  ( 0.000000000000000000, -0.000000000000000000, -1.000000000000000000 ) ) ;
#806 = AXIS2_PLACEMENT_3D ( 'NONE', #518, #1226, #281 ) ;
#807 = ORIENTED_EDGE ( 'NONE', *, *, #863, .F. ) ;
#808 = EDGE_CURVE ( 'NONE', #1246, #8, #1318, .T. ) ;
#809 = CARTESIAN_POINT ( 'NONE',  ( 33.65240181515486029, -28.41377804188175205, 4.919171653843424252 ) ) ;
#810 = PLANE ( 'NONE',  #917 ) ;
#811 = VECTOR ( 'NONE', #36, 1000.000000000000000 ) ;
#812 = ORIENTED_EDGE ( 'NONE', *, *, #639, .F. ) ;
#813 = ORIENTED_EDGE ( 'NONE', *, *, #1156, .F. ) ;
#814 = DIRECTION ( 'NONE',  ( 1.000000000000000000, 0.000000000000000000, -0.000000000000000000 ) ) ;
#815 =( GEOMETRIC_REPRESENTATION_CONTEXT ( 3 ) GLOBAL_UNCERTAINTY_ASSIGNED_CONTEXT ( ( #320 ) ) GLOBAL_UNIT_ASSIGNED_CONTEXT ( ( #1301, #802, #1397 ) ) REPRESENTATION_CONTEXT ( 'NONE', 'WORKASPACE' ) );
#816 = ORIENTED_EDGE ( 'NONE', *, *, #1532, .F. ) ;
#817 = EDGE_CURVE ( 'NONE', #1274, #1416, #1066, .T. ) ;
#818 = EDGE_LOOP ( 'NONE', ( #135, #674, #1424, #620 ) ) ;
#819 = DIRECTION ( 'NONE',  ( -0.000000000000000000, -0.000000000000000000, -1.000000000000000000 ) ) ;
#820 = CARTESIAN_POINT ( 'NONE',  ( -38.43146542981077118, -173.9612431624742612, 6.164324400165930307 ) ) ;
#821 = ORIENTED_EDGE ( 'NONE', *, *, #610, .F. ) ;
#822 = APPROVAL_DATE_TIME ( #1044, #155 ) ;
#823 = ORIENTED_EDGE ( 'NONE', *, *, #1152, .F. ) ;
#824 = CC_DESIGN_PERSON_AND_ORGANIZATION_ASSIGNMENT ( #679, #335, ( #446 ) ) ;
#825 = DIRECTION ( 'NONE',  ( 0.000000000000000000, -1.000000000000000000, 0.000000000000000000 ) ) ;
#826 = EDGE_CURVE ( 'NONE', #923, #69, #1076, .T. ) ;
#827 = ORIENTED_EDGE ( 'NONE', *, *, #914, .T. ) ;
#828 = ORIENTED_EDGE ( 'NONE', *, *, #878, .T. ) ;
#829 = DIRECTION ( 'NONE',  ( 0.000000000000000000, 1.000000000000000000, 0.000000000000000000 ) ) ;
#830 = CARTESIAN_POINT ( 'NONE',  ( -13.51921137096445591, 19.31710404212627452, 77.99999999999998579 ) ) ;
#831 = ORIENTED_EDGE ( 'NONE', *, *, #1248, .T. ) ;
#832 = PERSON_AND_ORGANIZATION ( #758, #894 ) ;
#833 = ORIENTED_EDGE ( 'NONE', *, *, #326, .F. ) ;
#834 = EDGE_CURVE ( 'NONE', #1538, #564, #228, .T. ) ;
#835 = VECTOR ( 'NONE', #268, 1000.000000000000114 ) ;
#836 = CARTESIAN_POINT ( 'NONE',  ( -27.78709651231128674, 25.88589247543464822, 60.00000000000000000 ) ) ;
#837 = ORIENTED_EDGE ( 'NONE', *, *, #62, .F. ) ;
#838 = VERTEX_POINT ( 'NONE', #605 ) ;
#839 = DIRECTION ( 'NONE',  ( -0.000000000000000000, 0.000000000000000000, -1.000000000000000000 ) ) ;
#840 = DIRECTION ( 'NONE',  ( 0.000000000000000000, -0.000000000000000000, -1.000000000000000000 ) ) ;
#841 = VERTEX_POINT ( 'NONE', #461 ) ;
#842 = COORDINATED_UNIVERSAL_TIME_OFFSET ( 0, 0, .AHEAD. ) ;
#843 = ORIENTED_EDGE ( 'NONE', *, *, #485, .F. ) ;
#844 = DIRECTION ( 'NONE',  ( 0.000000000000000000, -0.000000000000000000, -1.000000000000000000 ) ) ;
#845 = AXIS2_PLACEMENT_3D ( 'NONE', #462, #333, #71 ) ;
#846 = ORIENTED_EDGE ( 'NONE', *, *, #523, .T. ) ;
#847 = VECTOR ( 'NONE', #1004, 1000.000000000000000 ) ;
#848 = CARTESIAN_POINT ( 'NONE',  ( -27.09876179310363753, 26.58746440078090600, 60.00000000000000000 ) ) ;
#849 = DIRECTION ( 'NONE',  ( -0.000000000000000000, -0.000000000000000000, -1.000000000000000000 ) ) ;
#850 = PERSON_AND_ORGANIZATION_ROLE ( 'classification_officer' ) ;
#851 = ORIENTED_EDGE ( 'NONE', *, *, #262, .F. ) ;
#852 = CARTESIAN_POINT ( 'NONE',  ( 0.000000000000000000, 0.000000000000000000, 0.000000000000000000 ) ) ;
#853 = ORIENTED_EDGE ( 'NONE', *, *, #1552, .T. ) ;
#854 = CARTESIAN_POINT ( 'NONE',  ( -27.78709651231128674, 26.03875683752574588, 0.000000000000000000 ) ) ;
#855 = CARTESIAN_POINT ( 'NONE',  ( -43.23504978325509995, 10.14086318004959608, 60.00000000000000000 ) ) ;
#856 = ORIENTED_EDGE ( 'NONE', *, *, #1152, .T. ) ;
#857 = LINE ( 'NONE', #1338, #703 ) ;
#858 = VECTOR ( 'NONE', #609, 1000.000000000000000 ) ;
#859 = CARTESIAN_POINT ( 'NONE',  ( 5.600185217775621282, -26.42741594328288812, 61.43269929789566675 ) ) ;
#860 = DIRECTION ( 'NONE',  ( 0.7003406701280763258, 0.7138087599382322290, 0.000000000000000000 ) ) ;
#861 = VERTEX_POINT ( 'NONE', #952 ) ;
#862 = CIRCLE ( 'NONE', #165, 10.00000000000000178 ) ;
#863 = EDGE_CURVE ( 'NONE', #1024, #841, #340, .T. ) ;
#864 = LINE ( 'NONE', #477, #984 ) ;
#865 = VECTOR ( 'NONE', #529, 1000.000000000000000 ) ;
#866 = ADVANCED_FACE ( 'NONE', ( #731 ), #1564, .F. ) ;
#867 = DIRECTION ( 'NONE',  ( 1.000000000000000000, 0.000000000000000000, 0.000000000000000000 ) ) ;
#868 = CARTESIAN_POINT ( 'NONE',  ( 33.65240181515486029, -28.41377804188175205, 56.22979337019723545 ) ) ;
#869 = ADVANCED_FACE ( 'NONE', ( #472 ), #718, .F. ) ;
#870 = AXIS2_PLACEMENT_3D ( 'NONE', #343, #920, #306 ) ;
#871 = VERTEX_POINT ( 'NONE', #9 ) ;
#872 = LINE ( 'NONE', #7, #623 ) ;
#873 = CC_DESIGN_SECURITY_CLASSIFICATION ( #410, ( #533 ) ) ;
#874 = CARTESIAN_POINT ( 'NONE',  ( -19.21902400622651896, 18.85640091176939848, 6.164324400165919648 ) ) ;
#875 = DIRECTION ( 'NONE',  ( 0.000000000000000000, 0.000000000000000000, 1.000000000000000000 ) ) ;
#876 = EDGE_CURVE ( 'NONE', #449, #1509, #1308, .T. ) ;
#877 = DIRECTION ( 'NONE',  ( -0.000000000000000000, 0.000000000000000000, -1.000000000000000000 ) ) ;
#878 = EDGE_CURVE ( 'NONE', #552, #696, #1329, .T. ) ;
#879 = CARTESIAN_POINT ( 'NONE',  ( -27.78709651231128674, 26.03875683752574588, 60.00000000000000000 ) ) ;
#880 = VECTOR ( 'NONE', #1335, 1000.000000000000000 ) ;
#881 = EDGE_CURVE ( 'NONE', #677, #959, #373, .T. ) ;
#882 = DIRECTION ( 'NONE',  ( 1.000000000000000000, 0.000000000000000000, 0.000000000000000000 ) ) ;
#883 = FACE_OUTER_BOUND ( 'NONE', #1555, .T. ) ;
#884 = VECTOR ( 'NONE', #1382, 1000.000000000000000 ) ;
#885 = CARTESIAN_POINT ( 'NONE',  ( -16.13628799015146953, -16.44660122073130992, 0.000000000000000000 ) ) ;
#886 = DIRECTION ( 'NONE',  ( 0.000000000000000000, 0.000000000000000000, -1.000000000000000000 ) ) ;
#887 = CARTESIAN_POINT ( 'NONE',  ( 8.009577516757570237, 3.970850439137640908, 68.43269929789566675 ) ) ;
#888 = FACE_OUTER_BOUND ( 'NONE', #101, .T. ) ;
#889 = ORIENTED_EDGE ( 'NONE', *, *, #523, .F. ) ;
#890 = PRODUCT_RELATED_PRODUCT_CATEGORY ( 'detail', '', ( #446 ) ) ;
#891 = LINE ( 'NONE', #1367, #48 ) ;
#892 = ORIENTED_EDGE ( 'NONE', *, *, #1362, .T. ) ;
#893 = EDGE_CURVE ( 'NONE', #552, #677, #1358, .T. ) ;
#894 = ORGANIZATION ( 'UNSPECIFIED', 'UNSPECIFIED', '' ) ;
#895 = CARTESIAN_POINT ( 'NONE',  ( -35.35531199637797783, 2.409799691038088554, 42.05597137576093303 ) ) ;
#896 = DIRECTION ( 'NONE',  ( 0.7372714505087033521, -0.6755966313302579351, -0.000000000000000000 ) ) ;
#897 = DIRECTION ( 'NONE',  ( -0.000000000000000000, 1.000000000000000000, -0.000000000000000000 ) ) ;
#898 = VERTEX_POINT ( 'NONE', #22 ) ;
#899 = LINE ( 'NONE', #885, #811 ) ;
#900 = ORIENTED_EDGE ( 'NONE', *, *, #252, .T. ) ;
#901 = CARTESIAN_POINT ( 'NONE',  ( -43.23504978325509995, 10.14086318004959608, 63.00000000000000000 ) ) ;
#902 = DIRECTION ( 'NONE',  ( 1.000000000000000000, 0.000000000000000000, 0.000000000000000000 ) ) ;
#903 = DIRECTION ( 'NONE',  ( 1.000000000000000000, 0.000000000000000000, 0.000000000000000000 ) ) ;
#904 = VECTOR ( 'NONE', #1237, 1000.000000000000000 ) ;
#905 = ORIENTED_EDGE ( 'NONE', *, *, #978, .T. ) ;
#906 = DIRECTION ( 'NONE',  ( 0.7003406701280766589, 0.7138087599382321180, -0.000000000000000000 ) ) ;
#907 = CARTESIAN_POINT ( 'NONE',  ( -13.51921137096445591, 3.970850439137640908, 64.43269929789566675 ) ) ;
#908 = ORIENTED_EDGE ( 'NONE', *, *, #287, .F. ) ;
#909 = DIRECTION ( 'NONE',  ( 1.000000000000000000, 0.000000000000000000, -0.000000000000000000 ) ) ;
#910 = EDGE_CURVE ( 'NONE', #17, #1560, #269, .T. ) ;
#911 = EDGE_CURVE ( 'NONE', #17, #871, #524, .T. ) ;
#912 = LINE ( 'NONE', #1128, #1194 ) ;
#913 = DIRECTION ( 'NONE',  ( 1.000000000000000000, 0.000000000000000000, 0.000000000000000000 ) ) ;
#914 = EDGE_CURVE ( 'NONE', #487, #69, #258, .T. ) ;
#915 = ORIENTED_EDGE ( 'NONE', *, *, #826, .T. ) ;
#916 = DIRECTION ( 'NONE',  ( 0.000000000000000000, 1.000000000000000000, 0.000000000000000000 ) ) ;
#917 = AXIS2_PLACEMENT_3D ( 'NONE', #98, #579, #690 ) ;
#918 = PLANE ( 'NONE',  #433 ) ;
#919 = ORIENTED_EDGE ( 'NONE', *, *, #175, .F. ) ;
#920 = DIRECTION ( 'NONE',  ( 0.000000000000000000, 0.000000000000000000, 1.000000000000000000 ) ) ;
#921 = VECTOR ( 'NONE', #680, 1000.000000000000000 ) ;
#922 = DIRECTION ( 'NONE',  ( 0.7372714505087034631, -0.6755966313302578241, 0.000000000000000000 ) ) ;
#923 = VERTEX_POINT ( 'NONE', #638 ) ;
#924 = DIRECTION ( 'NONE',  ( -0.7372714505087034631, 0.6755966313302578241, 0.000000000000000000 ) ) ;
#925 = DIRECTION ( 'NONE',  ( -0.000000000000000000, -0.000000000000000000, 1.000000000000000000 ) ) ;
#926 = VERTEX_POINT ( 'NONE', #986 ) ;
#927 = EDGE_CURVE ( 'NONE', #1429, #1265, #1462, .T. ) ;
#928 = DATE_TIME_ROLE ( 'creation_date' ) ;
#929 = ORIENTED_EDGE ( 'NONE', *, *, #630, .F. ) ;
#930 = EDGE_CURVE ( 'NONE', #1501, #349, #381, .T. ) ;
#931 = CARTESIAN_POINT ( 'NONE',  ( 8.009577516757570237, -192.0291495608623791, 68.43269929789566675 ) ) ;
#932 = ORIENTED_EDGE ( 'NONE', *, *, #1478, .F. ) ;
#933 = CARTESIAN_POINT ( 'NONE',  ( -27.78709651231128674, 26.03875683752574588, 0.000000000000000000 ) ) ;
#934 = CARTESIAN_POINT ( 'NONE',  ( -35.35531199637797783, 2.409799691038088554, 6.164324400165919648 ) ) ;
#935 = EDGE_LOOP ( 'NONE', ( #329, #72, #295, #1291, #1302, #1349, #1186 ) ) ;
#936 = COORDINATED_UNIVERSAL_TIME_OFFSET ( 0, 0, .AHEAD. ) ;
#937 = ORIENTED_EDGE ( 'NONE', *, *, #914, .F. ) ;
#938 = AXIS2_PLACEMENT_3D ( 'NONE', #667, #1510, #698 ) ;
#939 = LINE ( 'NONE', #836, #716 ) ;
#940 = AXIS2_PLACEMENT_3D ( 'NONE', #1212, #3, #968 ) ;
#941 = ORIENTED_EDGE ( 'NONE', *, *, #1081, .F. ) ;
#942 = CARTESIAN_POINT ( 'NONE',  ( -27.78709651231128674, 26.03875683752574588, 60.00000000000000000 ) ) ;
#943 = FACE_OUTER_BOUND ( 'NONE', #536, .T. ) ;
#944 = VECTOR ( 'NONE', #925, 1000.000000000000000 ) ;
#945 = ORIENTED_EDGE ( 'NONE', *, *, #468, .T. ) ;
#946 = VERTEX_POINT ( 'NONE', #42 ) ;
#947 = EDGE_CURVE ( 'NONE', #83, #1174, #393, .T. ) ;
#948 = LINE ( 'NONE', #346, #635 ) ;
#949 = VECTOR ( 'NONE', #1266, 1000.000000000000000 ) ;
#950 = ORIENTED_EDGE ( 'NONE', *, *, #191, .F. ) ;
#951 = ORIENTED_EDGE ( 'NONE', *, *, #1026, .T. ) ;
#952 = CARTESIAN_POINT ( 'NONE',  ( -27.78709651231128674, 26.03875683752574588, 60.00000000000000000 ) ) ;
#953 = EDGE_CURVE ( 'NONE', #1249, #971, #1471, .T. ) ;
#954 = DIRECTION ( 'NONE',  ( -1.000000000000000000, 0.000000000000000000, 0.000000000000000000 ) ) ;
#955 = ORIENTED_EDGE ( 'NONE', *, *, #511, .F. ) ;
#956 = PERSON_AND_ORGANIZATION_ROLE ( 'creator' ) ;
#957 = ORIENTED_EDGE ( 'NONE', *, *, #637, .F. ) ;
#958 = LINE ( 'NONE', #103, #110 ) ;
#959 = VERTEX_POINT ( 'NONE', #1013 ) ;
#960 = VERTEX_POINT ( 'NONE', #1347 ) ;
#961 = DIRECTION ( 'NONE',  ( -1.000000000000000000, 0.000000000000000000, 0.000000000000000000 ) ) ;
#962 = VECTOR ( 'NONE', #1099, 1000.000000000000000 ) ;
#963 = CARTESIAN_POINT ( 'NONE',  ( -13.51921137096445591, 7.759285706664817539, 65.71634964894781206 ) ) ;
#964 = ORIENTED_EDGE ( 'NONE', *, *, #594, .T. ) ;
#965 = ORIENTED_EDGE ( 'NONE', *, *, #1467, .F. ) ;
#966 = CARTESIAN_POINT ( 'NONE',  ( -38.43146542981077118, 15.03682415567555353, 60.00000000000000000 ) ) ;
#967 = ORIENTED_EDGE ( 'NONE', *, *, #1467, .T. ) ;
#968 = DIRECTION ( 'NONE',  ( 0.000000000000000000, -0.000000000000000000, -1.000000000000000000 ) ) ;
#969 = CARTESIAN_POINT ( 'NONE',  ( -35.35531199637797783, 2.409799691038088554, 63.00000000000000000 ) ) ;
#970 = DATE_AND_TIME ( #483, #386 ) ;
#971 = VERTEX_POINT ( 'NONE', #1113 ) ;
#972 = CARTESIAN_POINT ( 'NONE',  ( -6.577036136385397747, -15.26885321830871689, 68.43269929789566675 ) ) ;
#973 = VERTEX_POINT ( 'NONE', #1352 ) ;
#974 = CARTESIAN_POINT ( 'NONE',  ( -37.64415955514756718, -194.0291495608623791, 64.99999999999998579 ) ) ;
#975 = DIRECTION ( 'NONE',  ( -0.000000000000000000, 0.000000000000000000, -1.000000000000000000 ) ) ;
#976 = VERTEX_POINT ( 'NONE', #35 ) ;
#977 = CARTESIAN_POINT ( 'NONE',  ( -43.23504978325509995, 10.14086318004959608, 63.00000000000000000 ) ) ;
#978 = EDGE_CURVE ( 'NONE', #448, #575, #744, .T. ) ;
#979 = CARTESIAN_POINT ( 'NONE',  ( 1.270597078670981261, -31.15224963752098475, 61.43269929789566675 ) ) ;
#980 = CARTESIAN_POINT ( 'NONE',  ( -27.78709651231127253, 26.03875683752574588, 42.05597137576093303 ) ) ;
#981 = ORIENTED_EDGE ( 'NONE', *, *, #863, .T. ) ;
#982 = APPLICATION_CONTEXT ( 'configuration controlled 3d designs of mechanical parts and assemblies' ) ;
#983 = DIRECTION ( 'NONE',  ( -0.000000000000000000, -0.000000000000000000, -1.000000000000000000 ) ) ;
#984 = VECTOR ( 'NONE', #1448, 1000.000000000000114 ) ;
#985 = ADVANCED_FACE ( 'NONE', ( #888 ), #645, .F. ) ;
#986 = CARTESIAN_POINT ( 'NONE',  ( 8.009577516757570237, 19.31710404212627452, 62.99999999999998579 ) ) ;
#987 = DIRECTION ( 'NONE',  ( -0.7003406701280763258, -0.7138087599382322290, 0.000000000000000000 ) ) ;
#988 = ORIENTED_EDGE ( 'NONE', *, *, #1144, .T. ) ;
#989 = CARTESIAN_POINT ( 'NONE',  ( 8.009577516757570237, -182.0291495608623507, 77.99999999999998579 ) ) ;
#990 = VECTOR ( 'NONE', #800, 1000.000000000000000 ) ;
#991 = ORIENTED_EDGE ( 'NONE', *, *, #41, .T. ) ;
#992 = DIRECTION ( 'NONE',  ( -0.4023069515342779234, 0.9155048425580259996, -0.000000000000000000 ) ) ;
#993 = EDGE_CURVE ( 'NONE', #1080, #1519, #1005, .T. ) ;
#994 = LINE ( 'NONE', #139, #601 ) ;
#995 = VECTOR ( 'NONE', #1012, 1000.000000000000000 ) ;
#996 = EDGE_CURVE ( 'NONE', #1433, #233, #145, .T. ) ;
#997 = LINE ( 'NONE', #54, #656 ) ;
#998 = LINE ( 'NONE', #879, #662 ) ;
#999 = DIRECTION ( 'NONE',  ( -0.000000000000000000, 0.000000000000000000, 1.000000000000000000 ) ) ;
#1000 = CARTESIAN_POINT ( 'NONE',  ( -27.78709651231128674, 25.88589247543464822, 42.05597137576093303 ) ) ;
#1001 = CYLINDRICAL_SURFACE ( 'NONE', #1258, 4.000000000000003553 ) ;
#1002 = CARTESIAN_POINT ( 'NONE',  ( -19.75737859659007256, 18.30769334851423480, 60.00000000000000000 ) ) ;
#1003 = VECTOR ( 'NONE', #114, 1000.000000000000000 ) ;
#1004 = DIRECTION ( 'NONE',  ( -0.000000000000000000, 1.000000000000000000, -0.000000000000000000 ) ) ;
#1005 = LINE ( 'NONE', #624, #1342 ) ;
#1006 = VECTOR ( 'NONE', #819, 1000.000000000000000 ) ;
#1007 = LINE ( 'NONE', #1015, #1215 ) ;
#1008 = ORIENTED_EDGE ( 'NONE', *, *, #305, .F. ) ;
#1009 = DIRECTION ( 'NONE',  ( 0.000000000000000000, -1.000000000000000000, 0.000000000000000000 ) ) ;
#1010 = VECTOR ( 'NONE', #526, 1000.000000000000114 ) ;
#1011 = VECTOR ( 'NONE', #1235, 1000.000000000000000 ) ;
#1012 = DIRECTION ( 'NONE',  ( -1.000000000000000000, -0.000000000000000000, -0.000000000000000000 ) ) ;
#1013 = CARTESIAN_POINT ( 'NONE',  ( 5.600185217775624835, -26.42741594328287746, 68.43269929789566675 ) ) ;
#1014 = VERTEX_POINT ( 'NONE', #1364 ) ;
#1015 = CARTESIAN_POINT ( 'NONE',  ( 222.6585812779320008, -46.19873457304821329, 4.919171653843424252 ) ) ;
#1016 = ORIENTED_EDGE ( 'NONE', *, *, #495, .F. ) ;
#1017 = AXIS2_PLACEMENT_3D ( 'NONE', #510, #390, #38 ) ;
#1018 = CARTESIAN_POINT ( 'NONE',  ( -38.43146542981077118, 5.427912493651376735, 42.05597137576093303 ) ) ;
#1019 = LINE ( 'NONE', #887, #1241 ) ;
#1020 = PLANE ( 'NONE',  #1210 ) ;
#1021 = VERTEX_POINT ( 'NONE', #1475 ) ;
#1022 = CARTESIAN_POINT ( 'NONE',  ( 33.65240181515486029, -50.75106913066090897, 60.00000000000000000 ) ) ;
#1023 = EDGE_CURVE ( 'NONE', #1509, #700, #1118, .T. ) ;
#1024 = VERTEX_POINT ( 'NONE', #513 ) ;
#1025 = CARTESIAN_POINT ( 'NONE',  ( -19.75737859659007256, 18.30769334851423480, 60.00000000000000000 ) ) ;
#1026 = EDGE_CURVE ( 'NONE', #317, #1560, #862, .T. ) ;
#1027 = FACE_OUTER_BOUND ( 'NONE', #353, .T. ) ;
#1028 = CARTESIAN_POINT ( 'NONE',  ( -13.51921137096445591, 19.31710404212627452, 77.99999999999998579 ) ) ;
#1029 = VECTOR ( 'NONE', #414, 1000.000000000000114 ) ;
#1030 = EDGE_LOOP ( 'NONE', ( #957, #538, #144, #503 ) ) ;
#1031 = CARTESIAN_POINT ( 'NONE',  ( -10.90662427549003333, -19.99368691254680641, 68.43269929789566675 ) ) ;
#1032 = CARTESIAN_POINT ( 'NONE',  ( -10.90662427549003333, -19.99368691254680641, 61.43269929789566675 ) ) ;
#1033 = ORIENTED_EDGE ( 'NONE', *, *, #1188, .T. ) ;
#1034 = CARTESIAN_POINT ( 'NONE',  ( 18.00957751675757379, -192.0291495608623791, 68.43269929789566675 ) ) ;
#1035 = DIRECTION ( 'NONE',  ( -0.000000000000000000, 0.000000000000000000, -1.000000000000000000 ) ) ;
#1036 = PLANE ( 'NONE',  #1091 ) ;
#1037 = ADVANCED_FACE ( 'NONE', ( #1104 ), #1129, .F. ) ;
#1038 = ORIENTED_EDGE ( 'NONE', *, *, #693, .F. ) ;
#1039 = LINE ( 'NONE', #689, #521 ) ;
#1040 = EDGE_CURVE ( 'NONE', #1403, #898, #1371, .T. ) ;
#1041 = AXIS2_PLACEMENT_3D ( 'NONE', #1457, #375, #4 ) ;
#1042 = CARTESIAN_POINT ( 'NONE',  ( 18.00957751675757379, -192.0291495608623791, -0.000000000000000000 ) ) ;
#1043 = VERTEX_POINT ( 'NONE', #1508 ) ;
#1044 = DATE_AND_TIME ( #73, #1220 ) ;
#1045 = ADVANCED_FACE ( 'NONE', ( #1260 ), #1036, .F. ) ;
#1046 = AXIS2_PLACEMENT_3D ( 'NONE', #525, #671, #1035 ) ;
#1047 = DIRECTION ( 'NONE',  ( 0.7003406701280763258, 0.7138087599382322290, 0.000000000000000000 ) ) ;
#1048 = ORIENTED_EDGE ( 'NONE', *, *, #701, .T. ) ;
#1049 = CARTESIAN_POINT ( 'NONE',  ( -35.35531199637797783, 2.409799691038088554, 63.00000000000000000 ) ) ;
#1050 = LINE ( 'NONE', #934, #1117 ) ;
#1051 = ORIENTED_EDGE ( 'NONE', *, *, #426, .T. ) ;
#1052 = CALENDAR_DATE ( 2025, 18, 8 ) ;
#1053 = ORIENTED_EDGE ( 'NONE', *, *, #229, .F. ) ;
#1054 = LINE ( 'NONE', #1287, #436 ) ;
#1055 = EDGE_CURVE ( 'NONE', #1373, #17, #163, .T. ) ;
#1056 = CARTESIAN_POINT ( 'NONE',  ( -13.51921137096445591, 3.970850439137651122, 66.99999999999998579 ) ) ;
#1057 = CARTESIAN_POINT ( 'NONE',  ( 6.598645166876693224, 26.03875683752574588, 42.05597137576093303 ) ) ;
#1058 = EDGE_CURVE ( 'NONE', #6, #233, #290, .T. ) ;
#1059 = CARTESIAN_POINT ( 'NONE',  ( -13.51921137096445591, 3.970850439137640908, 68.43269929789566675 ) ) ;
#1060 = ORIENTED_EDGE ( 'NONE', *, *, #876, .T. ) ;
#1061 = ORIENTED_EDGE ( 'NONE', *, *, #808, .F. ) ;
#1062 = LINE ( 'NONE', #931, #584 ) ;
#1063 = AXIS2_PLACEMENT_3D ( 'NONE', #157, #1491, #408 ) ;
#1064 = ORIENTED_EDGE ( 'NONE', *, *, #1217, .T. ) ;
#1065 = FACE_OUTER_BOUND ( 'NONE', #780, .T. ) ;
#1066 = LINE ( 'NONE', #351, #880 ) ;
#1067 = CARTESIAN_POINT ( 'NONE',  ( -13.51921137096445591, 19.31710404212627452, 77.99999999999998579 ) ) ;
#1068 = VECTOR ( 'NONE', #1385, 1000.000000000000000 ) ;
#1069 = EDGE_LOOP ( 'NONE', ( #827, #173, #313, #1051, #160, #1540, #1332, #309 ) ) ;
#1070 = COORDINATED_UNIVERSAL_TIME_OFFSET ( 0, 0, .AHEAD. ) ;
#1071 = ORIENTED_EDGE ( 'NONE', *, *, #1055, .F. ) ;
#1072 = PRODUCT_DEFINITION_SHAPE ( 'NONE', 'NONE',  #1106 ) ;
#1073 = CARTESIAN_POINT ( 'NONE',  ( 0.000000000000000000, -50.75106913066090897, 60.00000000000000000 ) ) ;
#1074 = ORIENTED_EDGE ( 'NONE', *, *, #345, .T. ) ;
#1075 = ORIENTED_EDGE ( 'NONE', *, *, #539, .T. ) ;
#1076 = LINE ( 'NONE', #1083, #1276 ) ;
#1077 = LINE ( 'NONE', #1558, #1355 ) ;
#1078 = ORIENTED_EDGE ( 'NONE', *, *, #41, .F. ) ;
#1079 = ADVANCED_FACE ( 'NONE', ( #180 ), #542, .F. ) ;
#1080 = VERTEX_POINT ( 'NONE', #778 ) ;
#1081 = EDGE_CURVE ( 'NONE', #589, #1216, #1155, .T. ) ;
#1082 = ORIENTED_EDGE ( 'NONE', *, *, #364, .T. ) ;
#1083 = CARTESIAN_POINT ( 'NONE',  ( -27.78709651231128674, 18.30769334851423835, 6.164324400165926754 ) ) ;
#1084 = VECTOR ( 'NONE', #259, 1000.000000000000000 ) ;
#1085 = LINE ( 'NONE', #969, #184 ) ;
#1086 = ORIENTED_EDGE ( 'NONE', *, *, #1425, .F. ) ;
#1087 = FACE_OUTER_BOUND ( 'NONE', #1229, .T. ) ;
#1088 = VECTOR ( 'NONE', #924, 1000.000000000000000 ) ;
#1089 = ORIENTED_EDGE ( 'NONE', *, *, #1267, .F. ) ;
#1090 = LINE ( 'NONE', #974, #962 ) ;
#1091 = AXIS2_PLACEMENT_3D ( 'NONE', #654, #425, #171 ) ;
#1092 = CARTESIAN_POINT ( 'NONE',  ( 22.65858127793199017, -24.35456645409672660, 0.000000000000000000 ) ) ;
#1093 = ADVANCED_FACE ( 'NONE', ( #665, #68 ), #1020, .F. ) ;
#1094 = VERTEX_POINT ( 'NONE', #1028 ) ;
#1095 = ADVANCED_FACE ( 'NONE', ( #672 ), #551, .F. ) ;
#1096 = LINE ( 'NONE', #722, #285 ) ;
#1097 = ORIENTED_EDGE ( 'NONE', *, *, #374, .F. ) ;
#1098 = CIRCLE ( 'NONE', #1142, 4.000000000000003553 ) ;
#1099 = DIRECTION ( 'NONE',  ( -0.000000000000000000, 1.000000000000000000, -0.000000000000000000 ) ) ;
#1100 = CARTESIAN_POINT ( 'NONE',  ( 22.65858127793199017, -28.41377804188175205, 4.919171653843424252 ) ) ;
#1101 = ORIENTED_EDGE ( 'NONE', *, *, #876, .F. ) ;
#1102 = ADVANCED_FACE ( 'NONE', ( #1499 ), #1163, .F. ) ;
#1103 = CARTESIAN_POINT ( 'NONE',  ( -43.23504978325509995, 10.14086318004959608, 60.00000000000000000 ) ) ;
#1104 = FACE_OUTER_BOUND ( 'NONE', #1202, .T. ) ;
#1105 = CARTESIAN_POINT ( 'NONE',  ( -35.35531199637797783, 2.409799691038088554, 60.00000000000000000 ) ) ;
#1106 = PRODUCT_DEFINITION ( 'UNKNOWN', '', #533, #403 ) ;
#1107 = EDGE_CURVE ( 'NONE', #861, #657, #781, .T. ) ;
#1108 = ORIENTED_EDGE ( 'NONE', *, *, #996, .F. ) ;
#1109 = DIRECTION ( 'NONE',  ( 1.000000000000000000, 0.000000000000000000, 0.000000000000000000 ) ) ;
#1110 = VECTOR ( 'NONE', #983, 1000.000000000000000 ) ;
#1111 = EDGE_CURVE ( 'NONE', #1014, #1176, #1148, .T. ) ;
#1112 = EDGE_LOOP ( 'NONE', ( #459, #833, #363, #616 ) ) ;
#1113 = CARTESIAN_POINT ( 'NONE',  ( 11.50769724484671030, 26.03875683752574588, 60.00000000000000000 ) ) ;
#1114 = CARTESIAN_POINT ( 'NONE',  ( 32.35584044485243993, -194.0291495608623791, 64.99999999999998579 ) ) ;
#1115 = CARTESIAN_POINT ( 'NONE',  ( -27.78709651231128674, 18.30769334851423835, 60.00000000000000000 ) ) ;
#1116 = LINE ( 'NONE', #895, #132 ) ;
#1117 = VECTOR ( 'NONE', #202, 1000.000000000000114 ) ;
#1118 = LINE ( 'NONE', #764, #1541 ) ;
#1119 = LINE ( 'NONE', #31, #1084 ) ;
#1120 = VECTOR ( 'NONE', #289, 1000.000000000000000 ) ;
#1121 = CARTESIAN_POINT ( 'NONE',  ( -6.577036136385394194, -15.26885321830870978, 68.43269929789566675 ) ) ;
#1122 = DIRECTION ( 'NONE',  ( 1.000000000000000000, 0.000000000000000000, 0.000000000000000000 ) ) ;
#1123 = CC_DESIGN_APPROVAL ( #1, ( #533 ) ) ;
#1124 = CARTESIAN_POINT ( 'NONE',  ( -37.64415955514756718, -194.0291495608623791, 64.99999999999998579 ) ) ;
#1125 = DIRECTION ( 'NONE',  ( -0.000000000000000000, 0.000000000000000000, -1.000000000000000000 ) ) ;
#1126 = PLANE ( 'NONE',  #168 ) ;
#1127 = PLANE ( 'NONE',  #1017 ) ;
#1128 = CARTESIAN_POINT ( 'NONE',  ( -37.64415955514756718, -194.0291495608623791, 77.99999999999998579 ) ) ;
#1129 = PLANE ( 'NONE',  #1063 ) ;
#1130 = VECTOR ( 'NONE', #1418, 1000.000000000000000 ) ;
#1131 = ORIENTED_EDGE ( 'NONE', *, *, #468, .F. ) ;
#1132 = CARTESIAN_POINT ( 'NONE',  ( -13.51921137096445591, -192.0291495608623791, 68.43269929789566675 ) ) ;
#1133 = ORIENTED_EDGE ( 'NONE', *, *, #136, .F. ) ;
#1134 = LINE ( 'NONE', #1002, #255 ) ;
#1135 = VECTOR ( 'NONE', #992, 1000.000000000000227 ) ;
#1136 = VECTOR ( 'NONE', #519, 1000.000000000000000 ) ;
#1137 = CARTESIAN_POINT ( 'NONE',  ( 6.598645166876693224, -173.9612431624742612, 42.05597137576093303 ) ) ;
#1138 = CARTESIAN_POINT ( 'NONE',  ( 222.6585812779320008, -28.41377804188175205, 56.22979337019723545 ) ) ;
#1139 = ORIENTED_EDGE ( 'NONE', *, *, #930, .F. ) ;
#1140 = LINE ( 'NONE', #1115, #1068 ) ;
#1141 = ORIENTED_EDGE ( 'NONE', *, *, #1248, .F. ) ;
#1142 = AXIS2_PLACEMENT_3D ( 'NONE', #279, #909, #423 ) ;
#1143 = CARTESIAN_POINT ( 'NONE',  ( -37.64415955514756718, -192.0291495608623791, 77.99999999999998579 ) ) ;
#1144 = EDGE_CURVE ( 'NONE', #838, #1322, #96, .T. ) ;
#1145 = DIRECTION ( 'NONE',  ( 1.000000000000000000, -0.000000000000000000, -0.000000000000000000 ) ) ;
#1146 = CARTESIAN_POINT ( 'NONE',  ( 4.030312687887130707, -3.693165757694017337, 62.99999999999998579 ) ) ;
#1147 = ORIENTED_EDGE ( 'NONE', *, *, #288, .F. ) ;
#1148 = LINE ( 'NONE', #70, #1130 ) ;
#1149 = CARTESIAN_POINT ( 'NONE',  ( 6.598645166876693224, 26.03875683752574588, 6.164324400165930307 ) ) ;
#1150 = EDGE_LOOP ( 'NONE', ( #1133, #828, #219, #130, #1108, #775, #282, #1166 ) ) ;
#1151 = AXIS2_PLACEMENT_3D ( 'NONE', #514, #1227, #875 ) ;
#1152 = EDGE_CURVE ( 'NONE', #711, #220, #1039, .T. ) ;
#1153 = ADVANCED_FACE ( 'NONE', ( #331 ), #791, .T. ) ;
#1154 = CARTESIAN_POINT ( 'NONE',  ( 33.65240181515486029, -50.75106913066090897, 63.00000000000000000 ) ) ;
#1155 = LINE ( 'NONE', #1391, #884 ) ;
#1156 = EDGE_CURVE ( 'NONE', #487, #666, #60, .T. ) ;
#1157 = ORIENTED_EDGE ( 'NONE', *, *, #642, .T. ) ;
#1158 = DIRECTION ( 'NONE',  ( 0.000000000000000000, -1.000000000000000000, 0.000000000000000000 ) ) ;
#1159 = DIRECTION ( 'NONE',  ( 0.4023069515342779789, -0.9155048425580261107, 0.000000000000000000 ) ) ;
#1160 = ORIENTED_EDGE ( 'NONE', *, *, #910, .F. ) ;
#1161 = LINE ( 'NONE', #1399, #995 ) ;
#1162 = VERTEX_POINT ( 'NONE', #1170 ) ;
#1163 = PLANE ( 'NONE',  #39 ) ;
#1164 = DIRECTION ( 'NONE',  ( 0.000000000000000000, 0.000000000000000000, -1.000000000000000000 ) ) ;
#1165 = ORIENTED_EDGE ( 'NONE', *, *, #1496, .T. ) ;
#1166 = ORIENTED_EDGE ( 'NONE', *, *, #642, .F. ) ;
#1167 = CC_DESIGN_DATE_AND_TIME_ASSIGNMENT ( #1411, #928, ( #1106 ) ) ;
#1168 = PLANE ( 'NONE',  #1326 ) ;
#1169 = CARTESIAN_POINT ( 'NONE',  ( 22.65858127793199017, -46.19873457304821329, 56.22979337019723545 ) ) ;
#1170 = CARTESIAN_POINT ( 'NONE',  ( 8.009577516757570237, 3.970850439137640908, 68.43269929789566675 ) ) ;
#1171 = DIRECTION ( 'NONE',  ( 0.6755966313302579351, 0.7372714505087033521, 0.000000000000000000 ) ) ;
#1172 = ORIENTED_EDGE ( 'NONE', *, *, #1254, .F. ) ;
#1173 = LINE ( 'NONE', #572, #201 ) ;
#1174 = VERTEX_POINT ( 'NONE', #809 ) ;
#1175 = CARTESIAN_POINT ( 'NONE',  ( -10.90662427549002622, -19.99368691254681352, 63.00000000000000000 ) ) ;
#1176 = VERTEX_POINT ( 'NONE', #1289 ) ;
#1177 = ORIENTED_EDGE ( 'NONE', *, *, #1496, .F. ) ;
#1178 = PLANE ( 'NONE',  #1409 ) ;
#1179 = VECTOR ( 'NONE', #141, 1000.000000000000000 ) ;
#1180 = CARTESIAN_POINT ( 'NONE',  ( -10.90662427549003333, -19.99368691254680641, 61.43269929789566675 ) ) ;
#1181 = EDGE_LOOP ( 'NONE', ( #965, #1061, #384, #475, #1177, #566, #1097 ) ) ;
#1182 = DIRECTION ( 'NONE',  ( 0.000000000000000000, 0.000000000000000000, -1.000000000000000000 ) ) ;
#1183 = ORIENTED_EDGE ( 'NONE', *, *, #364, .F. ) ;
#1184 = CARTESIAN_POINT ( 'NONE',  ( 6.598645166876693224, 18.30769334851423125, 42.05597137576093303 ) ) ;
#1185 = ORIENTED_EDGE ( 'NONE', *, *, #754, .T. ) ;
#1186 = ORIENTED_EDGE ( 'NONE', *, *, #262, .T. ) ;
#1187 = CARTESIAN_POINT ( 'NONE',  ( -6.577036136385394194, -15.26885321830870978, 61.43269929789566675 ) ) ;
#1188 = EDGE_CURVE ( 'NONE', #677, #6, #77, .T. ) ;
#1189 = LINE ( 'NONE', #222, #1517 ) ;
#1190 = EDGE_LOOP ( 'NONE', ( #411, #945, #1300, #1426, #1434, #967, #1387, #413 ) ) ;
#1191 = EDGE_CURVE ( 'NONE', #334, #11, #453, .T. ) ;
#1192 = AXIS2_PLACEMENT_3D ( 'NONE', #1205, #708, #860 ) ;
#1193 = ORIENTED_EDGE ( 'NONE', *, *, #1542, .F. ) ;
#1194 = VECTOR ( 'NONE', #424, 1000.000000000000000 ) ;
#1195 = ORIENTED_EDGE ( 'NONE', *, *, #595, .T. ) ;
#1196 = VERTEX_POINT ( 'NONE', #174 ) ;
#1197 = PLANE ( 'NONE',  #797 ) ;
#1198 = DIRECTION ( 'NONE',  ( -0.000000000000000000, 1.000000000000000000, -0.000000000000000000 ) ) ;
#1199 = ORIENTED_EDGE ( 'NONE', *, *, #1217, .F. ) ;
#1200 = DIRECTION ( 'NONE',  ( -0.000000000000000000, -0.000000000000000000, -1.000000000000000000 ) ) ;
#1201 = EDGE_CURVE ( 'NONE', #276, #115, #649, .T. ) ;
#1202 = EDGE_LOOP ( 'NONE', ( #715, #1064, #694, #915, #1306, #1165, #807, #1183 ) ) ;
#1203 = DIRECTION ( 'NONE',  ( -0.000000000000000000, -0.000000000000000000, 1.000000000000000000 ) ) ;
#1204 = AXIS2_PLACEMENT_3D ( 'NONE', #388, #120, #839 ) ;
#1205 = CARTESIAN_POINT ( 'NONE',  ( -19.21902400622651896, 18.85640091176939848, 60.00000000000000000 ) ) ;
#1206 = ADVANCED_FACE ( 'NONE', ( #318 ), #212, .F. ) ;
#1207 = APPROVAL_ROLE ( '' ) ;
#1208 = ORIENTED_EDGE ( 'NONE', *, *, #293, .T. ) ;
#1209 = CARTESIAN_POINT ( 'NONE',  ( -13.51921137096445591, 19.31710404212627452, 62.99999999999998579 ) ) ;
#1210 = AXIS2_PLACEMENT_3D ( 'NONE', #416, #1270, #299 ) ;
#1211 = VERTEX_POINT ( 'NONE', #192 ) ;
#1212 = CARTESIAN_POINT ( 'NONE',  ( 222.6585812779320008, -46.19873457304821329, 4.919171653843424252 ) ) ;
#1213 = VECTOR ( 'NONE', #1203, 1000.000000000000000 ) ;
#1214 = PLANE ( 'NONE',  #1192 ) ;
#1215 = VECTOR ( 'NONE', #507, 1000.000000000000000 ) ;
#1216 = VERTEX_POINT ( 'NONE', #1057 ) ;
#1217 = EDGE_CURVE ( 'NONE', #898, #224, #553, .T. ) ;
#1218 = PLANE ( 'NONE',  #1506 ) ;
#1219 = ADVANCED_FACE ( 'NONE', ( #1520 ), #1178, .F. ) ;
#1220 = LOCAL_TIME ( 16, 21, 58.00000000000000000, #936 ) ;
#1221 = DIRECTION ( 'NONE',  ( -0.000000000000000000, -0.000000000000000000, 1.000000000000000000 ) ) ;
#1222 = DIRECTION ( 'NONE',  ( -0.000000000000000000, -0.000000000000000000, -1.000000000000000000 ) ) ;
#1223 = ORIENTED_EDGE ( 'NONE', *, *, #172, .F. ) ;
#1224 = LINE ( 'NONE', #1442, #16 ) ;
#1225 = ADVANCED_FACE ( 'NONE', ( #419 ), #577, .F. ) ;
#1226 = DIRECTION ( 'NONE',  ( 1.000000000000000000, 0.000000000000000000, -0.000000000000000000 ) ) ;
#1227 = DIRECTION ( 'NONE',  ( -1.000000000000000000, 0.000000000000000000, 0.000000000000000000 ) ) ;
#1228 = AXIS2_PLACEMENT_3D ( 'NONE', #1427, #1435, #488 ) ;
#1229 = EDGE_LOOP ( 'NONE', ( #950, #501, #47, #1307 ) ) ;
#1230 = LINE ( 'NONE', #989, #1179 ) ;
#1231 = VECTOR ( 'NONE', #397, 1000.000000000000000 ) ;
#1232 = DIRECTION ( 'NONE',  ( 0.7372714505087033521, -0.6755966313302579351, -0.000000000000000000 ) ) ;
#1233 = DIRECTION ( 'NONE',  ( -1.000000000000000000, -0.000000000000000000, -0.000000000000000000 ) ) ;
#1234 = EDGE_CURVE ( 'NONE', #1174, #711, #310, .T. ) ;
#1235 = DIRECTION ( 'NONE',  ( -1.000000000000000000, 0.000000000000000000, 0.000000000000000000 ) ) ;
#1236 = EDGE_CURVE ( 'NONE', #747, #1249, #682, .T. ) ;
#1237 = DIRECTION ( 'NONE',  ( -0.000000000000000000, -0.000000000000000000, -1.000000000000000000 ) ) ;
#1238 = VECTOR ( 'NONE', #341, 1000.000000000000000 ) ;
#1239 = CARTESIAN_POINT ( 'NONE',  ( -13.51921137096445591, -192.0291495608623791, 68.43269929789566675 ) ) ;
#1240 = LINE ( 'NONE', #640, #118 ) ;
#1241 = VECTOR ( 'NONE', #1516, 1000.000000000000000 ) ;
#1242 = CARTESIAN_POINT ( 'NONE',  ( 0.000000000000000000, 0.000000000000000000, 59.99999999999998579 ) ) ;
#1243 = CARTESIAN_POINT ( 'NONE',  ( 6.598645166876693224, 26.03875683752574588, 6.164324400165930307 ) ) ;
#1244 = CARTESIAN_POINT ( 'NONE',  ( 22.65858127793199017, -50.75106913066090897, 63.00000000000000000 ) ) ;
#1245 = CARTESIAN_POINT ( 'NONE',  ( 18.00957751675757379, -182.0291495608623507, 68.43269929789566675 ) ) ;
#1246 = VERTEX_POINT ( 'NONE', #933 ) ;
#1247 = CARTESIAN_POINT ( 'NONE',  ( -38.43146542981079250, 15.03682415567549491, 6.164324400165924978 ) ) ;
#1248 = EDGE_CURVE ( 'NONE', #1014, #861, #1346, .T. ) ;
#1249 = VERTEX_POINT ( 'NONE', #1350 ) ;
#1250 = DIRECTION ( 'NONE',  ( -0.000000000000000000, -0.000000000000000000, -1.000000000000000000 ) ) ;
#1251 = CARTESIAN_POINT ( 'NONE',  ( 0.000000000000000000, -192.0291495608623791, 0.000000000000000000 ) ) ;
#1252 = DIRECTION ( 'NONE',  ( -0.000000000000000000, -0.000000000000000000, -1.000000000000000000 ) ) ;
#1253 = VERTEX_POINT ( 'NONE', #502 ) ;
#1254 = EDGE_CURVE ( 'NONE', #1416, #1373, #254, .T. ) ;
#1255 = CARTESIAN_POINT ( 'NONE',  ( 0.000000000000000000, -24.35456645409672660, 60.00000000000000000 ) ) ;
#1256 = ORIENTED_EDGE ( 'NONE', *, *, #953, .T. ) ;
#1257 = CARTESIAN_POINT ( 'NONE',  ( -27.78709651231128674, 25.88589247543464822, 6.164324400165926754 ) ) ;
#1258 = AXIS2_PLACEMENT_3D ( 'NONE', #907, #1264, #627 ) ;
#1259 = CARTESIAN_POINT ( 'NONE',  ( -6.577036136385394194, -15.26885321830870978, 61.43269929789566675 ) ) ;
#1260 = FACE_OUTER_BOUND ( 'NONE', #1376, .T. ) ;
#1261 = EDGE_CURVE ( 'NONE', #973, #349, #1224, .T. ) ;
#1262 = ORIENTED_EDGE ( 'NONE', *, *, #1481, .F. ) ;
#1263 = DIRECTION ( 'NONE',  ( 0.000000000000000000, 0.000000000000000000, 1.000000000000000000 ) ) ;
#1264 = DIRECTION ( 'NONE',  ( -1.000000000000000000, 0.000000000000000000, -0.000000000000000000 ) ) ;
#1265 = VERTEX_POINT ( 'NONE', #748 ) ;
#1266 = DIRECTION ( 'NONE',  ( 1.000000000000000000, 0.000000000000000000, 0.000000000000000000 ) ) ;
#1267 = EDGE_CURVE ( 'NONE', #1429, #317, #1230, .T. ) ;
#1268 = ADVANCED_FACE ( 'NONE', ( #497 ), #1569, .F. ) ;
#1269 = LINE ( 'NONE', #1154, #720 ) ;
#1270 = DIRECTION ( 'NONE',  ( -0.000000000000000000, 0.000000000000000000, 1.000000000000000000 ) ) ;
#1271 = ORIENTED_EDGE ( 'NONE', *, *, #661, .T. ) ;
#1272 = DIRECTION ( 'NONE',  ( 1.000000000000000000, 0.000000000000000000, -0.000000000000000000 ) ) ;
#1273 = CARTESIAN_POINT ( 'NONE',  ( 6.598645166876693224, 26.03875683752574588, 6.164324400165930307 ) ) ;
#1274 = VERTEX_POINT ( 'NONE', #356 ) ;
#1275 = PERSON_AND_ORGANIZATION ( #758, #894 ) ;
#1276 = VECTOR ( 'NONE', #1456, 1000.000000000000000 ) ;
#1277 = CARTESIAN_POINT ( 'NONE',  ( -19.75737859659007256, 18.30769334851423480, 6.164324400165926754 ) ) ;
#1278 = ORIENTED_EDGE ( 'NONE', *, *, #927, .F. ) ;
#1279 = DIRECTION ( 'NONE',  ( -0.000000000000000000, 0.000000000000000000, -1.000000000000000000 ) ) ;
#1280 = PLANE ( 'NONE',  #358 ) ;
#1281 = AXIS2_PLACEMENT_3D ( 'NONE', #788, #51, #913 ) ;
#1282 = ORIENTED_EDGE ( 'NONE', *, *, #1514, .T. ) ;
#1283 = CC_DESIGN_PERSON_AND_ORGANIZATION_ASSIGNMENT ( #832, #1313, ( #533 ) ) ;
#1284 = APPROVAL_ROLE ( '' ) ;
#1285 = ORIENTED_EDGE ( 'NONE', *, *, #817, .F. ) ;
#1286 = VECTOR ( 'NONE', #613, 1000.000000000000000 ) ;
#1287 = CARTESIAN_POINT ( 'NONE',  ( 222.6585812779320008, -46.19873457304821329, 56.22979337019723545 ) ) ;
#1288 = CARTESIAN_POINT ( 'NONE',  ( -27.78709651231128674, 25.88589247543464822, 0.000000000000000000 ) ) ;
#1289 = CARTESIAN_POINT ( 'NONE',  ( -43.23504978325509995, 10.14086318004959608, 63.00000000000000000 ) ) ;
#1290 = LINE ( 'NONE', #830, #557 ) ;
#1291 = ORIENTED_EDGE ( 'NONE', *, *, #511, .T. ) ;
#1292 = FACE_OUTER_BOUND ( 'NONE', #530, .T. ) ;
#1293 = EDGE_LOOP ( 'NONE', ( #588, #955, #355, #223 ) ) ;
#1294 = CC_DESIGN_APPROVAL ( #155, ( #1106 ) ) ;
#1295 = CARTESIAN_POINT ( 'NONE',  ( 11.50769724484671030, 26.03875683752574588, 63.00000000000000000 ) ) ;
#1296 = ORIENTED_EDGE ( 'NONE', *, *, #930, .T. ) ;
#1297 = ORIENTED_EDGE ( 'NONE', *, *, #1305, .T. ) ;
#1298 = CARTESIAN_POINT ( 'NONE',  ( 11.50769724484671030, 26.03875683752574588, 60.00000000000000000 ) ) ;
#1299 = CARTESIAN_POINT ( 'NONE',  ( 32.35584044485243993, -194.0291495608623791, 77.99999999999998579 ) ) ;
#1300 = ORIENTED_EDGE ( 'NONE', *, *, #1339, .T. ) ;
#1301 =( LENGTH_UNIT ( ) NAMED_UNIT ( * ) SI_UNIT ( .MILLI., .METRE. ) );
#1302 = ORIENTED_EDGE ( 'NONE', *, *, #30, .T. ) ;
#1303 = EDGE_CURVE ( 'NONE', #448, #1519, #617, .T. ) ;
#1304 = LINE ( 'NONE', #687, #150 ) ;
#1305 = EDGE_CURVE ( 'NONE', #691, #1021, #1468, .T. ) ;
#1306 = ORIENTED_EDGE ( 'NONE', *, *, #1500, .T. ) ;
#1307 = ORIENTED_EDGE ( 'NONE', *, *, #595, .F. ) ;
#1308 = LINE ( 'NONE', #128, #1286 ) ;
#1309 = VECTOR ( 'NONE', #117, 1000.000000000000000 ) ;
#1310 = PLANE ( 'NONE',  #1041 ) ;
#1311 = ORIENTED_EDGE ( 'NONE', *, *, #1386, .T. ) ;
#1312 = EDGE_CURVE ( 'NONE', #923, #418, #1096, .T. ) ;
#1313 = PERSON_AND_ORGANIZATION_ROLE ( 'design_supplier' ) ;
#1314 = EDGE_LOOP ( 'NONE', ( #1278, #1504, #900, #427, #773, #104, #474 ) ) ;
#1315 = DIRECTION ( 'NONE',  ( -1.000000000000000000, -0.000000000000000000, -0.000000000000000000 ) ) ;
#1316 = EDGE_LOOP ( 'NONE', ( #1459, #350, #370, #892 ) ) ;
#1317 = ORIENTED_EDGE ( 'NONE', *, *, #808, .T. ) ;
#1318 = LINE ( 'NONE', #854, #673 ) ;
#1319 = DIRECTION ( 'NONE',  ( 1.000000000000000000, 0.000000000000000000, 0.000000000000000000 ) ) ;
#1320 = VECTOR ( 'NONE', #480, 1000.000000000000000 ) ;
#1321 = SHAPE_DEFINITION_REPRESENTATION ( #1072, #265 ) ;
#1322 = VERTEX_POINT ( 'NONE', #972 ) ;
#1323 = ADVANCED_FACE ( 'NONE', ( #378 ), #1561, .F. ) ;
#1324 = DIRECTION ( 'NONE',  ( -0.000000000000000000, 1.000000000000000000, -0.000000000000000000 ) ) ;
#1325 = EDGE_CURVE ( 'NONE', #1403, #1080, #864, .T. ) ;
#1326 = AXIS2_PLACEMENT_3D ( 'NONE', #1525, #84, #1047 ) ;
#1327 = EDGE_CURVE ( 'NONE', #1416, #1538, #872, .T. ) ;
#1328 = EDGE_LOOP ( 'NONE', ( #646, #684, #278, #831 ) ) ;
#1329 = LINE ( 'NONE', #979, #1213 ) ;
#1330 = FACE_OUTER_BOUND ( 'NONE', #1069, .T. ) ;
#1331 = PERSON_AND_ORGANIZATION ( #758, #894 ) ;
#1332 = ORIENTED_EDGE ( 'NONE', *, *, #482, .F. ) ;
#1333 = DIRECTION ( 'NONE',  ( 1.000000000000000000, 0.000000000000000000, 0.000000000000000000 ) ) ;
#1334 = VERTEX_POINT ( 'NONE', #621 ) ;
#1335 = DIRECTION ( 'NONE',  ( -0.000000000000000000, 1.000000000000000000, -0.000000000000000000 ) ) ;
#1336 = LINE ( 'NONE', #14, #585 ) ;
#1337 = ORIENTED_EDGE ( 'NONE', *, *, #1234, .T. ) ;
#1338 = CARTESIAN_POINT ( 'NONE',  ( -27.78709651231128674, 26.03875683752574588, 0.000000000000000000 ) ) ;
#1339 = EDGE_CURVE ( 'NONE', #700, #404, #741, .T. ) ;
#1340 = AXIS2_PLACEMENT_3D ( 'NONE', #1138, #535, #903 ) ;
#1341 = DIRECTION ( 'NONE',  ( -0.000000000000000000, -0.000000000000000000, 1.000000000000000000 ) ) ;
#1342 = VECTOR ( 'NONE', #1232, 1000.000000000000114 ) ;
#1343 = LINE ( 'NONE', #251, #297 ) ;
#1344 = AXIS2_PLACEMENT_3D ( 'NONE', #1414, #328, #458 ) ;
#1345 = VERTEX_POINT ( 'NONE', #365 ) ;
#1346 = LINE ( 'NONE', #261, #858 ) ;
#1347 = CARTESIAN_POINT ( 'NONE',  ( 32.35584044485243993, -192.0291495608623791, 77.99999999999998579 ) ) ;
#1348 = CARTESIAN_POINT ( 'NONE',  ( 1.270597078670984814, -31.15224963752100251, 68.43269929789566675 ) ) ;
#1349 = ORIENTED_EDGE ( 'NONE', *, *, #1478, .T. ) ;
#1350 = CARTESIAN_POINT ( 'NONE',  ( 33.65240181515486029, -24.35456645409672660, 60.00000000000000000 ) ) ;
#1351 = ADVANCED_FACE ( 'NONE', ( #1087 ), #491, .F. ) ;
#1352 = CARTESIAN_POINT ( 'NONE',  ( 32.35584044485243993, -194.0291495608623791, 77.99999999999998579 ) ) ;
#1353 = EDGE_CURVE ( 'NONE', #926, #463, #728, .T. ) ;
#1354 = CARTESIAN_POINT ( 'NONE',  ( -35.35531199637797783, 2.409799691038088554, 0.000000000000000000 ) ) ;
#1355 = VECTOR ( 'NONE', #1437, 1000.000000000000114 ) ;
#1356 = DIRECTION ( 'NONE',  ( -0.000000000000000000, -0.000000000000000000, -1.000000000000000000 ) ) ;
#1357 = CARTESIAN_POINT ( 'NONE',  ( -37.64415955514756718, -192.0291495608623791, 64.99999999999998579 ) ) ;
#1358 = LINE ( 'NONE', #756, #398 ) ;
#1359 = PLANE ( 'NONE',  #1204 ) ;
#1360 = LINE ( 'NONE', #389, #779 ) ;
#1361 = DIRECTION ( 'NONE',  ( 1.000000000000000000, 0.000000000000000000, 0.000000000000000000 ) ) ;
#1362 = EDGE_CURVE ( 'NONE', #1249, #706, #124, .T. ) ;
#1363 = CARTESIAN_POINT ( 'NONE',  ( -27.78709651231128674, 25.88589247543464822, 60.00000000000000000 ) ) ;
#1364 = CARTESIAN_POINT ( 'NONE',  ( -27.78709651231128674, 26.03875683752574588, 63.00000000000000000 ) ) ;
#1365 = EDGE_CURVE ( 'NONE', #1246, #1253, #857, .T. ) ;
#1366 = ORIENTED_EDGE ( 'NONE', *, *, #911, .F. ) ;
#1367 = CARTESIAN_POINT ( 'NONE',  ( -27.78709651231128674, 26.03875683752574588, 60.00000000000000000 ) ) ;
#1368 = ORIENTED_EDGE ( 'NONE', *, *, #578, .F. ) ;
#1369 = LINE ( 'NONE', #34, #615 ) ;
#1370 = PLANE ( 'NONE',  #512 ) ;
#1371 = LINE ( 'NONE', #771, #125 ) ;
#1372 = ADVANCED_FACE ( 'NONE', ( #735 ), #1218, .F. ) ;
#1373 = VERTEX_POINT ( 'NONE', #273 ) ;
#1374 = ADVANCED_FACE ( 'NONE', ( #776 ), #161, .F. ) ;
#1375 = DIRECTION ( 'NONE',  ( 1.000000000000000000, 0.000000000000000000, -0.000000000000000000 ) ) ;
#1376 = EDGE_LOOP ( 'NONE', ( #1430, #376, #571, #1008 ) ) ;
#1377 = DIRECTION ( 'NONE',  ( 0.000000000000000000, -0.000000000000000000, -1.000000000000000000 ) ) ;
#1378 = APPROVAL ( #1566, 'UNSPECIFIED' ) ;
#1379 = VECTOR ( 'NONE', #296, 1000.000000000000000 ) ;
#1380 = EDGE_CURVE ( 'NONE', #657, #691, #540, .T. ) ;
#1381 = LINE ( 'NONE', #67, #508 ) ;
#1382 = DIRECTION ( 'NONE',  ( 1.000000000000000000, -0.000000000000000000, -0.000000000000000000 ) ) ;
#1383 = ORIENTED_EDGE ( 'NONE', *, *, #465, .T. ) ;
#1384 = CARTESIAN_POINT ( 'NONE',  ( -10.60734882427252579, -11.57568746061469511, 62.99999999999998579 ) ) ;
#1385 = DIRECTION ( 'NONE',  ( 1.000000000000000000, 0.000000000000000000, 0.000000000000000000 ) ) ;
#1386 = EDGE_CURVE ( 'NONE', #1176, #691, #149, .T. ) ;
#1387 = ORIENTED_EDGE ( 'NONE', *, *, #1305, .F. ) ;
#1388 = CARTESIAN_POINT ( 'NONE',  ( 22.65858127793199017, -50.75106913066090897, 63.00000000000000000 ) ) ;
#1389 = LINE ( 'NONE', #188, #232 ) ;
#1390 = VECTOR ( 'NONE', #1222, 1000.000000000000000 ) ;
#1391 = CARTESIAN_POINT ( 'NONE',  ( 6.598645166876693224, 26.03875683752574588, 42.05597137576093303 ) ) ;
#1392 = ORIENTED_EDGE ( 'NONE', *, *, #1500, .F. ) ;
#1393 = CARTESIAN_POINT ( 'NONE',  ( 22.65858127793199017, -46.19873457304821329, 4.919171653843424252 ) ) ;
#1394 = VECTOR ( 'NONE', #308, 1000.000000000000000 ) ;
#1395 = LINE ( 'NONE', #429, #990 ) ;
#1396 = ORIENTED_EDGE ( 'NONE', *, *, #409, .T. ) ;
#1397 =( NAMED_UNIT ( * ) SI_UNIT ( $, .STERADIAN. ) SOLID_ANGLE_UNIT ( ) );
#1398 = AXIS2_PLACEMENT_3D ( 'NONE', #1056, #1534, #211 ) ;
#1399 = CARTESIAN_POINT ( 'NONE',  ( -27.78709651231128674, 26.03875683752574588, 63.00000000000000000 ) ) ;
#1400 = ORIENTED_EDGE ( 'NONE', *, *, #628, .T. ) ;
#1401 = DIRECTION ( 'NONE',  ( -0.7138087599382320070, 0.7003406701280765478, 0.000000000000000000 ) ) ;
#1402 = CARTESIAN_POINT ( 'NONE',  ( 1.270597078670981261, -31.15224963752098475, 68.43269929789566675 ) ) ;
#1403 = VERTEX_POINT ( 'NONE', #1025 ) ;
#1404 = ORIENTED_EDGE ( 'NONE', *, *, #392, .T. ) ;
#1405 = DIRECTION ( 'NONE',  ( -0.000000000000000000, 1.000000000000000000, -0.000000000000000000 ) ) ;
#1406 = ORIENTED_EDGE ( 'NONE', *, *, #1023, .F. ) ;
#1407 = DIRECTION ( 'NONE',  ( -1.000000000000000000, -0.000000000000000000, -0.000000000000000000 ) ) ;
#1408 = FACE_OUTER_BOUND ( 'NONE', #106, .T. ) ;
#1409 = AXIS2_PLACEMENT_3D ( 'NONE', #438, #86, #1535 ) ;
#1410 = ORIENTED_EDGE ( 'NONE', *, *, #116, .F. ) ;
#1411 = DATE_AND_TIME ( #196, #739 ) ;
#1412 = ORIENTED_EDGE ( 'NONE', *, *, #143, .F. ) ;
#1413 = AXIS2_PLACEMENT_3D ( 'NONE', #499, #151, #618 ) ;
#1414 = CARTESIAN_POINT ( 'NONE',  ( -13.51921137096445591, 19.31710404212627452, 77.99999999999998579 ) ) ;
#1415 = VECTOR ( 'NONE', #32, 1000.000000000000000 ) ;
#1416 = VERTEX_POINT ( 'NONE', #1143 ) ;
#1417 = ORIENTED_EDGE ( 'NONE', *, *, #1236, .T. ) ;
#1418 = DIRECTION ( 'NONE',  ( -0.6968851339397025280, -0.7171827592000820095, -0.000000000000000000 ) ) ;
#1419 = LINE ( 'NONE', #1042, #527 ) ;
#1420 = VERTEX_POINT ( 'NONE', #753 ) ;
#1421 = VERTEX_POINT ( 'NONE', #1388 ) ;
#1422 = APPROVAL_PERSON_ORGANIZATION ( #582, #1, #100 ) ;
#1423 = CARTESIAN_POINT ( 'NONE',  ( -10.90662427549003333, -19.99368691254680641, 68.43269929789566675 ) ) ;
#1424 = ORIENTED_EDGE ( 'NONE', *, *, #881, .T. ) ;
#1425 = EDGE_CURVE ( 'NONE', #1216, #418, #762, .T. ) ;
#1426 = ORIENTED_EDGE ( 'NONE', *, *, #581, .T. ) ;
#1427 = CARTESIAN_POINT ( 'NONE',  ( -23.51921137096445946, -182.0291495608623507, 0.000000000000000000 ) ) ;
#1428 = CARTESIAN_POINT ( 'NONE',  ( -38.43146542981075697, 5.427912493651358972, 6.164324400165924978 ) ) ;
#1429 = VERTEX_POINT ( 'NONE', #785 ) ;
#1430 = ORIENTED_EDGE ( 'NONE', *, *, #947, .T. ) ;
#1431 = VECTOR ( 'NONE', #1221, 1000.000000000000000 ) ;
#1432 = FACE_OUTER_BOUND ( 'NONE', #1030, .T. ) ;
#1433 = VERTEX_POINT ( 'NONE', #1497 ) ;
#1434 = ORIENTED_EDGE ( 'NONE', *, *, #172, .T. ) ;
#1435 = DIRECTION ( 'NONE',  ( 0.000000000000000000, 0.000000000000000000, -1.000000000000000000 ) ) ;
#1436 = AXIS2_PLACEMENT_3D ( 'NONE', #169, #1377, #1122 ) ;
#1437 = DIRECTION ( 'NONE',  ( -0.7003406701280763258, -0.7138087599382322290, 0.000000000000000000 ) ) ;
#1438 = EDGE_CURVE ( 'NONE', #589, #688, #531, .T. ) ;
#1439 = ORIENTED_EDGE ( 'NONE', *, *, #426, .F. ) ;
#1440 = ORIENTED_EDGE ( 'NONE', *, *, #1303, .F. ) ;
#1441 = EDGE_CURVE ( 'NONE', #1265, #926, #650, .T. ) ;
#1442 = CARTESIAN_POINT ( 'NONE',  ( 32.35584044485243993, -194.0291495608623791, 77.99999999999998579 ) ) ;
#1443 = ORIENTED_EDGE ( 'NONE', *, *, #495, .T. ) ;
#1444 = DIRECTION ( 'NONE',  ( 0.000000000000000000, 0.000000000000000000, 1.000000000000000000 ) ) ;
#1445 = CARTESIAN_POINT ( 'NONE',  ( 1.270597078670981261, -31.15224963752098475, 63.00000000000000000 ) ) ;
#1446 = VECTOR ( 'NONE', #793, 1000.000000000000227 ) ;
#1447 = ORIENTED_EDGE ( 'NONE', *, *, #1438, .T. ) ;
#1448 = DIRECTION ( 'NONE',  ( -0.7003406701280763258, -0.7138087599382322290, 0.000000000000000000 ) ) ;
#1449 = VECTOR ( 'NONE', #217, 1000.000000000000000 ) ;
#1450 = EDGE_LOOP ( 'NONE', ( #1060, #1282, #929, #702, #1147, #1311, #1297, #1551, #813, #1075 ) ) ;
#1451 = DIRECTION ( 'NONE',  ( 0.7003406701280763258, 0.7138087599382322290, 0.000000000000000000 ) ) ;
#1452 = CARTESIAN_POINT ( 'NONE',  ( 22.65858127793199017, -28.41377804188175205, 4.919171653843424252 ) ) ;
#1453 = CC_DESIGN_PERSON_AND_ORGANIZATION_ASSIGNMENT ( #1275, #441, ( #1106 ) ) ;
#1454 = EDGE_LOOP ( 'NONE', ( #470, #1529, #457, #951, #1160, #367 ) ) ;
#1455 = DIRECTION ( 'NONE',  ( -0.000000000000000000, 0.000000000000000000, 1.000000000000000000 ) ) ;
#1456 = DIRECTION ( 'NONE',  ( -1.000000000000000000, 0.000000000000000000, 0.000000000000000000 ) ) ;
#1457 = CARTESIAN_POINT ( 'NONE',  ( 0.000000000000000000, -24.35456645409672660, 60.00000000000000000 ) ) ;
#1458 = VECTOR ( 'NONE', #12, 1000.000000000000000 ) ;
#1459 = ORIENTED_EDGE ( 'NONE', *, *, #191, .T. ) ;
#1460 = DIRECTION ( 'NONE',  ( 0.000000000000000000, -1.000000000000000000, 0.000000000000000000 ) ) ;
#1461 = APPLICATION_CONTEXT ( 'configuration controlled 3d designs of mechanical parts and assemblies' ) ;
#1462 = LINE ( 'NONE', #1484, #248 ) ;
#1463 = DIRECTION ( 'NONE',  ( -0.000000000000000000, -0.000000000000000000, -1.000000000000000000 ) ) ;
#1464 = AXIS2_PLACEMENT_3D ( 'NONE', #315, #814, #337 ) ;
#1465 = EDGE_LOOP ( 'NONE', ( #1053, #592, #1296, #260 ) ) ;
#1466 = VECTOR ( 'NONE', #668, 999.9999999999998863 ) ;
#1467 = EDGE_CURVE ( 'NONE', #8, #1021, #636, .T. ) ;
#1468 = LINE ( 'NONE', #1103, #772 ) ;
#1469 = EDGE_CURVE ( 'NONE', #88, #1429, #549, .T. ) ;
#1470 = VERTEX_POINT ( 'NONE', #1257 ) ;
#1471 = LINE ( 'NONE', #13, #1135 ) ;
#1472 = FACE_BOUND ( 'NONE', #561, .T. ) ;
#1473 = LINE ( 'NONE', #537, #1544 ) ;
#1474 = CARTESIAN_POINT ( 'NONE',  ( -27.09876179310363753, 26.58746440078090600, 60.00000000000000000 ) ) ;
#1475 = CARTESIAN_POINT ( 'NONE',  ( -43.23504978325509995, 10.14086318004959608, 0.000000000000000000 ) ) ;
#1476 = FACE_OUTER_BOUND ( 'NONE', #573, .T. ) ;
#1477 = VECTOR ( 'NONE', #107, 1000.000000000000000 ) ;
#1478 = EDGE_CURVE ( 'NONE', #1196, #593, #1098, .T. ) ;
#1479 = CARTESIAN_POINT ( 'NONE',  ( 33.65240181515486029, -46.19873457304821329, 60.00000000000000000 ) ) ;
#1480 = FACE_OUTER_BOUND ( 'NONE', #93, .T. ) ;
#1481 = EDGE_CURVE ( 'NONE', #115, #926, #1369, .T. ) ;
#1482 = VECTOR ( 'NONE', #546, 1000.000000000000000 ) ;
#1483 = PLANE ( 'NONE',  #27 ) ;
#1484 = CARTESIAN_POINT ( 'NONE',  ( 8.009577516757570237, 19.31710404212627452, 77.99999999999998579 ) ) ;
#1485 = VECTOR ( 'NONE', #242, 1000.000000000000000 ) ;
#1486 = FACE_OUTER_BOUND ( 'NONE', #1150, .T. ) ;
#1487 = EDGE_LOOP ( 'NONE', ( #76, #1131, #466, #478, #44, #1199, #1563, #456 ) ) ;
#1488 = VECTOR ( 'NONE', #46, 1000.000000000000000 ) ;
#1489 = DIRECTION ( 'NONE',  ( 0.000000000000000000, 0.000000000000000000, 1.000000000000000000 ) ) ;
#1490 = DIRECTION ( 'NONE',  ( -0.6755966313302579351, -0.7372714505087035741, 0.000000000000000000 ) ) ;
#1491 = DIRECTION ( 'NONE',  ( 0.000000000000000000, 1.000000000000000000, 0.000000000000000000 ) ) ;
#1492 = AXIS2_PLACEMENT_3D ( 'NONE', #556, #1182, #65 ) ;
#1493 = ORIENTED_EDGE ( 'NONE', *, *, #1261, .T. ) ;
#1494 = CARTESIAN_POINT ( 'NONE',  ( 8.009577516757570237, -182.0291495608623507, 68.43269929789566675 ) ) ;
#1495 = VERTEX_POINT ( 'NONE', #516 ) ;
#1496 = EDGE_CURVE ( 'NONE', #946, #841, #660, .T. ) ;
#1497 = CARTESIAN_POINT ( 'NONE',  ( -35.35531199637797783, 2.409799691038088554, 63.00000000000000000 ) ) ;
#1498 = CARTESIAN_POINT ( 'NONE',  ( 32.35584044485243993, -194.0291495608623791, 77.99999999999998579 ) ) ;
#1499 = FACE_OUTER_BOUND ( 'NONE', #659, .T. ) ;
#1500 = EDGE_CURVE ( 'NONE', #69, #946, #1134, .T. ) ;
#1501 = VERTEX_POINT ( 'NONE', #178 ) ;
#1502 = DIRECTION ( 'NONE',  ( 0.6755966313302580462, 0.7372714505087033521, 0.000000000000000000 ) ) ;
#1503 = DIRECTION ( 'NONE',  ( -1.000000000000000000, -0.000000000000000000, -0.000000000000000000 ) ) ;
#1504 = ORIENTED_EDGE ( 'NONE', *, *, #1267, .T. ) ;
#1505 = CARTESIAN_POINT ( 'NONE',  ( -27.09876179310363753, 26.58746440078090600, 0.000000000000000000 ) ) ;
#1506 = AXIS2_PLACEMENT_3D ( 'NONE', #131, #1361, #886 ) ;
#1507 = DIRECTION ( 'NONE',  ( -0.000000000000000000, 1.000000000000000000, 0.000000000000000000 ) ) ;
#1508 = CARTESIAN_POINT ( 'NONE',  ( 22.65858127793199017, -50.75106913066090897, 0.000000000000000000 ) ) ;
#1509 = VERTEX_POINT ( 'NONE', #1018 ) ;
#1510 = DIRECTION ( 'NONE',  ( -1.000000000000000000, 0.000000000000000000, 0.000000000000000000 ) ) ;
#1511 = PLANE ( 'NONE',  #845 ) ;
#1512 = ORIENTED_EDGE ( 'NONE', *, *, #102, .F. ) ;
#1513 = APPLICATION_PROTOCOL_DEFINITION ( 'international standard', 'config_control_design', 1994, #1461 ) ;
#1514 = EDGE_CURVE ( 'NONE', #1509, #1334, #1116, .T. ) ;
#1515 = ADVANCED_FACE ( 'NONE', ( #1480 ), #1127, .F. ) ;
#1516 = DIRECTION ( 'NONE',  ( 1.000000000000000000, -0.000000000000000000, 0.000000000000000000 ) ) ;
#1517 = VECTOR ( 'NONE', #987, 1000.000000000000114 ) ;
#1518 = CARTESIAN_POINT ( 'NONE',  ( -23.51921137096445946, -192.0291495608623791, -0.000000000000000000 ) ) ;
#1519 = VERTEX_POINT ( 'NONE', #522 ) ;
#1520 = FACE_OUTER_BOUND ( 'NONE', #1465, .T. ) ;
#1521 = VECTOR ( 'NONE', #450, 1000.000000000000000 ) ;
#1522 = CARTESIAN_POINT ( 'NONE',  ( -13.51921137096445591, 19.31710404212627452, 62.99999999999998579 ) ) ;
#1523 = ORIENTED_EDGE ( 'NONE', *, *, #377, .F. ) ;
#1524 = DIRECTION ( 'NONE',  ( 0.000000000000000000, -1.000000000000000000, 0.000000000000000000 ) ) ;
#1525 = CARTESIAN_POINT ( 'NONE',  ( -19.21902400622651896, 18.85640091176939848, 60.00000000000000000 ) ) ;
#1526 = ORIENTED_EDGE ( 'NONE', *, *, #187, .F. ) ;
#1527 = DIRECTION ( 'NONE',  ( 0.000000000000000000, -0.000000000000000000, 1.000000000000000000 ) ) ;
#1528 = DIRECTION ( 'NONE',  ( -0.9155048425580261107, -0.4023069515342779789, 0.000000000000000000 ) ) ;
#1529 = ORIENTED_EDGE ( 'NONE', *, *, #97, .T. ) ;
#1530 = CARTESIAN_POINT ( 'NONE',  ( 33.65240181515486029, 0.000000000000000000, 56.22979337019723545 ) ) ;
#1531 = ORIENTED_EDGE ( 'NONE', *, *, #1339, .F. ) ;
#1532 = EDGE_CURVE ( 'NONE', #1211, #1246, #998, .T. ) ;
#1533 = PLANE ( 'NONE',  #786 ) ;
#1534 = DIRECTION ( 'NONE',  ( -1.000000000000000000, 0.000000000000000000, 0.000000000000000000 ) ) ;
#1535 = DIRECTION ( 'NONE',  ( 0.000000000000000000, -0.000000000000000000, 1.000000000000000000 ) ) ;
#1536 = LINE ( 'NONE', #820, #1238 ) ;
#1537 = AXIS2_PLACEMENT_3D ( 'NONE', #569, #200, #302 ) ;
#1538 = VERTEX_POINT ( 'NONE', #1357 ) ;
#1539 = LINE ( 'NONE', #1530, #332 ) ;
#1540 = ORIENTED_EDGE ( 'NONE', *, *, #581, .F. ) ;
#1541 = VECTOR ( 'NONE', #29, 1000.000000000000000 ) ;
#1542 = EDGE_CURVE ( 'NONE', #706, #1495, #1173, .T. ) ;
#1543 = DIRECTION ( 'NONE',  ( 1.000000000000000000, 0.000000000000000000, 0.000000000000000000 ) ) ;
#1544 = VECTOR ( 'NONE', #153, 1000.000000000000000 ) ;
#1545 = ORIENTED_EDGE ( 'NONE', *, *, #1236, .F. ) ;
#1546 = ORIENTED_EDGE ( 'NONE', *, *, #639, .T. ) ;
#1547 = DIRECTION ( 'NONE',  ( -0.000000000000000000, -0.000000000000000000, 1.000000000000000000 ) ) ;
#1548 = LINE ( 'NONE', #303, #226 ) ;
#1549 = ORIENTED_EDGE ( 'NONE', *, *, #1425, .T. ) ;
#1550 = DATE_AND_TIME ( #1052, #52 ) ;
#1551 = ORIENTED_EDGE ( 'NONE', *, *, #374, .T. ) ;
#1552 = EDGE_CURVE ( 'NONE', #711, #803, #1539, .T. ) ;
#1553 = LINE ( 'NONE', #574, #1521 ) ;
#1554 = ORIENTED_EDGE ( 'NONE', *, *, #1191, .T. ) ;
#1555 = EDGE_LOOP ( 'NONE', ( #1195, #291, #1440, #905 ) ) ;
#1556 = CARTESIAN_POINT ( 'NONE',  ( 11.50769724484671030, 18.30769334851423835, 60.00000000000000000 ) ) ;
#1557 = ADVANCED_FACE ( 'NONE', ( #186, #1292 ), #205, .F. ) ;
#1558 = CARTESIAN_POINT ( 'NONE',  ( -19.21902400622651896, 18.85640091176939848, 42.05597137576093303 ) ) ;
#1559 = ORIENTED_EDGE ( 'NONE', *, *, #366, .T. ) ;
#1560 = VERTEX_POINT ( 'NONE', #1034 ) ;
#1561 = PLANE ( 'NONE',  #498 ) ;
#1562 = VECTOR ( 'NONE', #829, 1000.000000000000000 ) ;
#1563 = ORIENTED_EDGE ( 'NONE', *, *, #637, .T. ) ;
#1564 = PLANE ( 'NONE',  #940 ) ;
#1565 = LINE ( 'NONE', #1105, #713 ) ;
#1566 = APPROVAL_STATUS ( 'not_yet_approved' ) ;
#1567 = VECTOR ( 'NONE', #435, 1000.000000000000000 ) ;
#1568 = EDGE_LOOP ( 'NONE', ( #1523, #669, #90, #1157, #1048 ) ) ;
#1569 = PLANE ( 'NONE',  #422 ) ;
ENDSEC;
END-ISO-10303-21;
