ISO-10303-21;
HEADER;
FILE_DESCRIPTION (( 'STEP AP203' ),
    '1' );
FILE_NAME ('motor2drone.STEP',
    '2025-09-08T17:18:48',
    ( '' ),
    ( '' ),
    'SwSTEP 2.0',
    'SolidWorks 2023',
    '' );
FILE_SCHEMA (( 'CONFIG_CONTROL_DESIGN' ));
ENDSEC;

DATA;
#1 = EDGE_CURVE ( 'NONE', #360, #1745, #434, .T. ) ;
#2 = EDGE_LOOP ( 'NONE', ( #903, #1867, #1622, #1071 ) ) ;
#3 = PLANE ( 'NONE',  #1650 ) ;
#4 = LINE ( 'NONE', #1871, #764 ) ;
#5 = DIRECTION ( 'NONE',  ( 0.000000000000000000, 0.000000000000000000, 1.000000000000000000 ) ) ;
#6 = ORIENTED_EDGE ( 'NONE', *, *, #199, .T. ) ;
#7 = DIRECTION ( 'NONE',  ( 0.000000000000000000, 0.000000000000000000, 1.000000000000000000 ) ) ;
#8 = CIRCLE ( 'NONE', #1909, 1.100000000000000311 ) ;
#9 = ORIENTED_EDGE ( 'NONE', *, *, #54, .T. ) ;
#10 = DIRECTION ( 'NONE',  ( 0.3524287272412813254, -0.000000000000000000, 0.9358386571493457762 ) ) ;
#11 = AXIS2_PLACEMENT_3D ( 'NONE', #1577, #800, #1545 ) ;
#12 = FACE_OUTER_BOUND ( 'NONE', #930, .T. ) ;
#13 = VECTOR ( 'NONE', #595, 1000.000000000000000 ) ;
#14 = FACE_OUTER_BOUND ( 'NONE', #402, .T. ) ;
#15 = ORIENTED_EDGE ( 'NONE', *, *, #1229, .T. ) ;
#16 = CARTESIAN_POINT ( 'NONE',  ( 25.49999999999975131, 3.000000000000000000, -10.06891399745681426 ) ) ;
#17 = AXIS2_PLACEMENT_3D ( 'NONE', #655, #1596, #965 ) ;
#18 = ORIENTED_EDGE ( 'NONE', *, *, #453, .F. ) ;
#19 = VERTEX_POINT ( 'NONE', #1802 ) ;
#20 = CARTESIAN_POINT ( 'NONE',  ( -18.50000000000000000, 18.00000000000000000, 16.00000000000000000 ) ) ;
#21 = CARTESIAN_POINT ( 'NONE',  ( 24.26649945465551639, 0.000000000000000000, -23.27543530002270700 ) ) ;
#22 = FACE_OUTER_BOUND ( 'NONE', #608, .T. ) ;
#23 = CARTESIAN_POINT ( 'NONE',  ( -25.50000000000000000, 3.000000000000000000, 20.00000000000000000 ) ) ;
#24 = AXIS2_PLACEMENT_3D ( 'NONE', #1139, #973, #345 ) ;
#25 = ADVANCED_FACE ( 'NONE', ( #254 ), #875, .F. ) ;
#26 = ORIENTED_EDGE ( 'NONE', *, *, #1738, .F. ) ;
#27 = AXIS2_PLACEMENT_3D ( 'NONE', #505, #2001, #1874 ) ;
#28 = EDGE_LOOP ( 'NONE', ( #1955, #858 ) ) ;
#29 = APPROVAL_PERSON_ORGANIZATION ( #879, #684, #1489 ) ;
#30 = VECTOR ( 'NONE', #205, 1000.000000000000000 ) ;
#31 = VERTEX_POINT ( 'NONE', #1655 ) ;
#32 = DIRECTION ( 'NONE',  ( 0.000000000000000000, 0.000000000000000000, -1.000000000000000000 ) ) ;
#33 = CARTESIAN_POINT ( 'NONE',  ( 4.899999999999998579, 10.00000000000000000, -15.99999999999999645 ) ) ;
#34 = CARTESIAN_POINT ( 'NONE',  ( 25.50000000000000000, 0.000000000000000000, -21.50000000000000000 ) ) ;
#35 = CARTESIAN_POINT ( 'NONE',  ( 24.26649945465551284, 3.000000000000000000, 23.27543530002270344 ) ) ;
#36 = ORIENTED_EDGE ( 'NONE', *, *, #1136, .T. ) ;
#37 = ORIENTED_EDGE ( 'NONE', *, *, #960, .F. ) ;
#38 = ADVANCED_FACE ( 'NONE', ( #1508 ), #1360, .F. ) ;
#39 = LINE ( 'NONE', #1416, #1531 ) ;
#40 = CARTESIAN_POINT ( 'NONE',  ( 25.49999999999975131, 0.000000000000000000, -10.06891399745681426 ) ) ;
#41 = DIRECTION ( 'NONE',  ( -1.000000000000000000, 0.000000000000000000, 0.000000000000000000 ) ) ;
#42 = DIRECTION ( 'NONE',  ( 0.000000000000000000, 0.000000000000000000, 1.000000000000000000 ) ) ;
#43 = VECTOR ( 'NONE', #827, 1000.000000000000000 ) ;
#44 = ORIENTED_EDGE ( 'NONE', *, *, #556, .T. ) ;
#45 = ORIENTED_EDGE ( 'NONE', *, *, #1903, .F. ) ;
#46 = VECTOR ( 'NONE', #1630, 1000.000000000000000 ) ;
#47 = CARTESIAN_POINT ( 'NONE',  ( 0.000000000000000000, 18.00000000000000000, 16.00000000000000000 ) ) ;
#48 = DIRECTION ( 'NONE',  ( -1.000000000000000000, 0.000000000000000000, 0.000000000000000000 ) ) ;
#49 = CARTESIAN_POINT ( 'NONE',  ( -25.50000000000000000, 3.000000000000000000, -20.00000000000000000 ) ) ;
#50 = EDGE_CURVE ( 'NONE', #1385, #1411, #951, .T. ) ;
#51 = DIRECTION ( 'NONE',  ( 0.000000000000000000, 0.000000000000000000, 1.000000000000000000 ) ) ;
#52 = ORIENTED_EDGE ( 'NONE', *, *, #1111, .T. ) ;
#53 = ADVANCED_FACE ( 'NONE', ( #1521 ), #120, .T. ) ;
#54 = EDGE_CURVE ( 'NONE', #942, #807, #1885, .T. ) ;
#55 = DIRECTION ( 'NONE',  ( 0.000000000000000000, 1.000000000000000000, 0.000000000000000000 ) ) ;
#56 = EDGE_CURVE ( 'NONE', #1339, #719, #66, .T. ) ;
#57 = CARTESIAN_POINT ( 'NONE',  ( 25.50000000000000000, 3.000000000000000000, 20.00000000000000000 ) ) ;
#58 = DIRECTION ( 'NONE',  ( 0.000000000000000000, 0.000000000000000000, 1.000000000000000000 ) ) ;
#59 = DIRECTION ( 'NONE',  ( 0.3524287272413049732, 0.000000000000000000, 0.9358386571493366723 ) ) ;
#60 = ORIENTED_EDGE ( 'NONE', *, *, #1868, .F. ) ;
#61 = PLANE ( 'NONE',  #444 ) ;
#62 = EDGE_CURVE ( 'NONE', #1165, #1522, #1725, .T. ) ;
#63 = EDGE_CURVE ( 'NONE', #807, #160, #722, .T. ) ;
#64 = ORIENTED_EDGE ( 'NONE', *, *, #448, .T. ) ;
#65 = VERTEX_POINT ( 'NONE', #522 ) ;
#66 = CIRCLE ( 'NONE', #1465, 1.100000000000000311 ) ;
#67 = DIRECTION ( 'NONE',  ( 0.000000000000000000, 0.000000000000000000, -1.000000000000000000 ) ) ;
#68 = DIRECTION ( 'NONE',  ( 0.000000000000000000, 0.000000000000000000, -1.000000000000000000 ) ) ;
#69 = DIRECTION ( 'NONE',  ( 0.000000000000000000, 1.000000000000000000, 0.000000000000000000 ) ) ;
#70 = FACE_OUTER_BOUND ( 'NONE', #1220, .T. ) ;
#71 = ORIENTED_EDGE ( 'NONE', *, *, #630, .F. ) ;
#72 = CARTESIAN_POINT ( 'NONE',  ( 25.50000000000000000, 3.000000000000000000, -23.49999999999999645 ) ) ;
#73 = AXIS2_PLACEMENT_3D ( 'NONE', #1399, #1077, #633 ) ;
#74 = VECTOR ( 'NONE', #971, 1000.000000000000000 ) ;
#75 = ORIENTED_EDGE ( 'NONE', *, *, #1517, .F. ) ;
#76 = ADVANCED_FACE ( 'NONE', ( #22 ), #1881, .F. ) ;
#77 = EDGE_CURVE ( 'NONE', #113, #1692, #211, .T. ) ;
#78 = CARTESIAN_POINT ( 'NONE',  ( -22.50000000000000000, 3.000000000000000000, -20.00000000000000000 ) ) ;
#79 = VERTEX_POINT ( 'NONE', #1898 ) ;
#80 = PERSON_AND_ORGANIZATION ( #591, #1237 ) ;
#81 = DIRECTION ( 'NONE',  ( 1.000000000000000000, 0.000000000000000000, 0.000000000000000000 ) ) ;
#82 = CARTESIAN_POINT ( 'NONE',  ( -18.50000000000000000, 6.999999999999999112, 0.000000000000000000 ) ) ;
#83 = VERTEX_POINT ( 'NONE', #782 ) ;
#84 = EDGE_CURVE ( 'NONE', #659, #525, #1276, .T. ) ;
#85 = LINE ( 'NONE', #708, #1761 ) ;
#86 = CARTESIAN_POINT ( 'NONE',  ( -25.50000000000000000, 3.000000000000000000, -20.00000000000000000 ) ) ;
#87 = ADVANCED_FACE ( 'NONE', ( #1267 ), #1118, .F. ) ;
#88 = ORIENTED_EDGE ( 'NONE', *, *, #348, .F. ) ;
#89 = ORIENTED_EDGE ( 'NONE', *, *, #749, .F. ) ;
#90 = AXIS2_PLACEMENT_3D ( 'NONE', #646, #1277, #169 ) ;
#91 = LINE ( 'NONE', #1920, #657 ) ;
#92 = ORIENTED_EDGE ( 'NONE', *, *, #280, .F. ) ;
#93 = DATE_AND_TIME ( #867, #1497 ) ;
#94 = LINE ( 'NONE', #1750, #1435 ) ;
#95 = CARTESIAN_POINT ( 'NONE',  ( -25.50000000000000000, 3.000000000000000000, -20.00000000000000000 ) ) ;
#96 = EDGE_LOOP ( 'NONE', ( #563, #785, #351, #121 ) ) ;
#97 = CARTESIAN_POINT ( 'NONE',  ( -25.49999999999975131, 3.000000000000000000, -10.06891399745681426 ) ) ;
#98 = PLANE ( 'NONE',  #1825 ) ;
#99 = CARTESIAN_POINT ( 'NONE',  ( 6.000000000000000000, 0.000000000000000000, -8.000000000000000000 ) ) ;
#100 = ORIENTED_EDGE ( 'NONE', *, *, #1423, .F. ) ;
#101 = VECTOR ( 'NONE', #523, 1000.000000000000000 ) ;
#102 = DIRECTION ( 'NONE',  ( -0.000000000000000000, -1.000000000000000000, -0.000000000000000000 ) ) ;
#103 = SECURITY_CLASSIFICATION_LEVEL ( 'unclassified' ) ;
#104 = DIRECTION ( 'NONE',  ( 0.000000000000000000, 0.000000000000000000, -1.000000000000000000 ) ) ;
#105 = ORIENTED_EDGE ( 'NONE', *, *, #1693, .T. ) ;
#106 = DIRECTION ( 'NONE',  ( -1.000000000000000000, 0.000000000000000000, 0.000000000000000000 ) ) ;
#107 = CYLINDRICAL_SURFACE ( 'NONE', #607, 1.500000000000001332 ) ;
#108 = CARTESIAN_POINT ( 'NONE',  ( 22.50000000000000355, 3.000000000000000000, 20.00000000000000000 ) ) ;
#109 = DIRECTION ( 'NONE',  ( 0.000000000000000000, 1.000000000000000000, 0.000000000000000000 ) ) ;
#110 = EDGE_LOOP ( 'NONE', ( #1315, #576, #1625, #489 ) ) ;
#111 = EDGE_CURVE ( 'NONE', #1121, #114, #577, .T. ) ;
#112 = CIRCLE ( 'NONE', #1278, 1.100000000000001199 ) ;
#113 = VERTEX_POINT ( 'NONE', #184 ) ;
#114 = VERTEX_POINT ( 'NONE', #34 ) ;
#115 = PERSON_AND_ORGANIZATION ( #591, #1237 ) ;
#116 = CARTESIAN_POINT ( 'NONE',  ( 25.50000000000000000, 3.000000000000000000, 20.00000000000000000 ) ) ;
#117 = DIRECTION ( 'NONE',  ( -0.000000000000000000, -1.000000000000000000, -0.000000000000000000 ) ) ;
#118 = DIRECTION ( 'NONE',  ( 1.000000000000000000, 0.000000000000000000, 0.000000000000000000 ) ) ;
#119 = CARTESIAN_POINT ( 'NONE',  ( -6.000000000000000000, -8.000000000000000000, -6.899999999999998579 ) ) ;
#120 = CYLINDRICAL_SURFACE ( 'NONE', #1370, 3.499999999999996003 ) ;
#121 = ORIENTED_EDGE ( 'NONE', *, *, #1353, .T. ) ;
#122 = AXIS2_PLACEMENT_3D ( 'NONE', #1848, #324, #316 ) ;
#123 = ORIENTED_EDGE ( 'NONE', *, *, #1210, .F. ) ;
#124 = CARTESIAN_POINT ( 'NONE',  ( 6.000000000000000000, 0.000000000000000000, -8.000000000000000000 ) ) ;
#125 = FACE_OUTER_BOUND ( 'NONE', #933, .T. ) ;
#126 = DIRECTION ( 'NONE',  ( 0.3524287272413043071, 0.000000000000000000, 0.9358386571493370054 ) ) ;
#127 = CARTESIAN_POINT ( 'NONE',  ( 25.50000000000000000, 0.000000000000000000, 20.00000000000000000 ) ) ;
#128 = VECTOR ( 'NONE', #846, 1000.000000000000000 ) ;
#129 = ADVANCED_FACE ( 'NONE', ( #663 ), #194, .T. ) ;
#130 = EDGE_CURVE ( 'NONE', #889, #1200, #647, .T. ) ;
#131 = ADVANCED_FACE ( 'NONE', ( #14 ), #1890, .F. ) ;
#132 = ORIENTED_EDGE ( 'NONE', *, *, #1254, .T. ) ;
#133 = FACE_OUTER_BOUND ( 'NONE', #707, .T. ) ;
#134 = VECTOR ( 'NONE', #1240, 1000.000000000000000 ) ;
#135 = ORIENTED_EDGE ( 'NONE', *, *, #1739, .F. ) ;
#136 = CARTESIAN_POINT ( 'NONE',  ( 6.000000000000000000, -8.000000000000000000, -9.099999999999999645 ) ) ;
#137 = DIRECTION ( 'NONE',  ( 0.000000000000000000, 0.000000000000000000, 1.000000000000000000 ) ) ;
#138 = CARTESIAN_POINT ( 'NONE',  ( 22.50000000000000355, 3.000000000000000000, 20.00000000000000000 ) ) ;
#139 = DIRECTION ( 'NONE',  ( 0.000000000000000000, 0.000000000000000000, 1.000000000000000000 ) ) ;
#140 = ORIENTED_EDGE ( 'NONE', *, *, #84, .F. ) ;
#141 = EDGE_CURVE ( 'NONE', #1575, #160, #1418, .T. ) ;
#142 = EDGE_CURVE ( 'NONE', #788, #724, #901, .T. ) ;
#143 = LINE ( 'NONE', #768, #539 ) ;
#144 = AXIS2_PLACEMENT_3D ( 'NONE', #1409, #484, #1996 ) ;
#145 = ORIENTED_EDGE ( 'NONE', *, *, #1735, .T. ) ;
#146 = AXIS2_PLACEMENT_3D ( 'NONE', #1576, #1585, #1741 ) ;
#147 = CARTESIAN_POINT ( 'NONE',  ( 6.000000000000000000, 3.000000000000000000, -8.000000000000000000 ) ) ;
#148 = CARTESIAN_POINT ( 'NONE',  ( -25.50000000000000000, 0.000000000000000000, 18.50000000000000000 ) ) ;
#149 = CARTESIAN_POINT ( 'NONE',  ( -6.000000000000000000, 3.000000000000000000, -8.000000000000000000 ) ) ;
#150 = DIRECTION ( 'NONE',  ( 0.000000000000000000, 0.000000000000000000, -1.000000000000000000 ) ) ;
#151 = EDGE_LOOP ( 'NONE', ( #447, #1022 ) ) ;
#152 = EDGE_CURVE ( 'NONE', #1855, #337, #1095, .T. ) ;
#153 = VECTOR ( 'NONE', #1294, 1000.000000000000000 ) ;
#154 = VERTEX_POINT ( 'NONE', #354 ) ;
#155 = ORIENTED_EDGE ( 'NONE', *, *, #899, .T. ) ;
#156 = FACE_OUTER_BOUND ( 'NONE', #621, .T. ) ;
#157 = DIRECTION ( 'NONE',  ( 0.000000000000000000, 1.000000000000000000, 0.000000000000000000 ) ) ;
#158 = AXIS2_PLACEMENT_3D ( 'NONE', #95, #718, #1946 ) ;
#159 = DIRECTION ( 'NONE',  ( -1.000000000000000000, 0.000000000000000000, 0.000000000000000000 ) ) ;
#160 = VERTEX_POINT ( 'NONE', #1284 ) ;
#161 = DIRECTION ( 'NONE',  ( 1.000000000000000000, 0.000000000000000000, 0.000000000000000000 ) ) ;
#162 = CC_DESIGN_APPROVAL ( #1260, ( #526 ) ) ;
#163 = ORIENTED_EDGE ( 'NONE', *, *, #1066, .T. ) ;
#164 = VERTEX_POINT ( 'NONE', #954 ) ;
#165 = CARTESIAN_POINT ( 'NONE',  ( 0.000000000000000000, 18.00000000000000000, 14.27500000000000036 ) ) ;
#166 = CARTESIAN_POINT ( 'NONE',  ( 25.49999999999975131, 3.000000000000000000, 10.06891399745681426 ) ) ;
#167 = DIRECTION ( 'NONE',  ( 0.000000000000000000, 0.000000000000000000, -1.000000000000000000 ) ) ;
#168 = VERTEX_POINT ( 'NONE', #1249 ) ;
#169 = DIRECTION ( 'NONE',  ( 0.000000000000000000, 0.000000000000000000, -1.000000000000000000 ) ) ;
#170 = CIRCLE ( 'NONE', #366, 1.500000000000001332 ) ;
#171 = DATE_TIME_ROLE ( 'classification_date' ) ;
#172 = EDGE_LOOP ( 'NONE', ( #1177, #1009 ) ) ;
#173 = ADVANCED_FACE ( 'NONE', ( #1578 ), #177, .F. ) ;
#174 = ORIENTED_EDGE ( 'NONE', *, *, #1136, .F. ) ;
#175 = CARTESIAN_POINT ( 'NONE',  ( -15.56891399745681603, 0.000000000000000000, -20.00000000000000000 ) ) ;
#176 = PLANE ( 'NONE',  #73 ) ;
#177 = PLANE ( 'NONE',  #17 ) ;
#178 = ORIENTED_EDGE ( 'NONE', *, *, #1460, .F. ) ;
#179 = DIRECTION ( 'NONE',  ( -1.000000000000000000, 0.000000000000000000, 0.000000000000000000 ) ) ;
#180 = VERTEX_POINT ( 'NONE', #1587 ) ;
#181 = ORIENTED_EDGE ( 'NONE', *, *, #1466, .F. ) ;
#182 = DIRECTION ( 'NONE',  ( -0.000000000000000000, -1.000000000000000000, -0.000000000000000000 ) ) ;
#183 = DIRECTION ( 'NONE',  ( 0.000000000000000000, 1.000000000000000000, 0.000000000000000000 ) ) ;
#184 = CARTESIAN_POINT ( 'NONE',  ( 25.50000000000000000, 0.000000000000000000, 21.50000000000000000 ) ) ;
#185 = CARTESIAN_POINT ( 'NONE',  ( -25.50000000000000000, 3.000000000000000000, 20.00000000000000000 ) ) ;
#186 = CIRCLE ( 'NONE', #1319, 1.099999999999999423 ) ;
#187 = CIRCLE ( 'NONE', #1292, 1.500000000000001332 ) ;
#188 = ORIENTED_EDGE ( 'NONE', *, *, #749, .T. ) ;
#189 = EDGE_CURVE ( 'NONE', #360, #399, #1154, .T. ) ;
#190 = AXIS2_PLACEMENT_3D ( 'NONE', #1036, #1340, #1640 ) ;
#191 = ORIENTED_EDGE ( 'NONE', *, *, #1067, .F. ) ;
#192 = CARTESIAN_POINT ( 'NONE',  ( -18.50000000000000000, 18.00000000000000000, -16.00000000000000000 ) ) ;
#193 = DIRECTION ( 'NONE',  ( -1.000000000000000000, 0.000000000000000000, 0.000000000000000000 ) ) ;
#194 = CYLINDRICAL_SURFACE ( 'NONE', #991, 3.499999999999999556 ) ;
#195 = DIRECTION ( 'NONE',  ( -0.000000000000000000, -0.000000000000000000, 1.000000000000000000 ) ) ;
#196 = VECTOR ( 'NONE', #600, 1000.000000000000000 ) ;
#197 = ORIENTED_EDGE ( 'NONE', *, *, #931, .T. ) ;
#198 = ORIENTED_EDGE ( 'NONE', *, *, #1146, .T. ) ;
#199 = EDGE_CURVE ( 'NONE', #1302, #1917, #321, .T. ) ;
#200 = EDGE_LOOP ( 'NONE', ( #976, #1704, #390, #472 ) ) ;
#201 =( BOUNDED_CURVE ( )  B_SPLINE_CURVE ( 3, ( #1767, #706, #1151, #1135 ),
 .UNSPECIFIED., .F., .T. ) 
 B_SPLINE_CURVE_WITH_KNOTS ( ( 4, 4 ),
 ( 3.141592653589793116, 4.712388980384689674 ),
 .UNSPECIFIED. ) 
 CURVE ( )  GEOMETRIC_REPRESENTATION_ITEM ( )  RATIONAL_B_SPLINE_CURVE ( ( 1.000000000000000000, 0.8047378541243649375, 0.8047378541243649375, 1.000000000000000000 ) ) 
 REPRESENTATION_ITEM ( '' )  );
#202 = PLANE ( 'NONE',  #750 ) ;
#203 = CARTESIAN_POINT ( 'NONE',  ( -6.000000000000000000, -8.000000000000000000, 9.099999999999999645 ) ) ;
#204 = LINE ( 'NONE', #217, #46 ) ;
#205 = DIRECTION ( 'NONE',  ( 1.000000000000000000, -0.000000000000000000, 0.000000000000000000 ) ) ;
#206 = VECTOR ( 'NONE', #1202, 1000.000000000000000 ) ;
#207 = AXIS2_PLACEMENT_3D ( 'NONE', #1373, #1980, #1696 ) ;
#208 = ORIENTED_EDGE ( 'NONE', *, *, #1436, .F. ) ;
#209 = EDGE_CURVE ( 'NONE', #1162, #889, #1300, .T. ) ;
#210 = ORIENTED_EDGE ( 'NONE', *, *, #1509, .T. ) ;
#211 = CIRCLE ( 'NONE', #1350, 1.500000000000001332 ) ;
#212 = DIRECTION ( 'NONE',  ( 0.000000000000000000, 0.000000000000000000, 1.000000000000000000 ) ) ;
#213 = CARTESIAN_POINT ( 'NONE',  ( 5.999999999999998224, 10.00000000000000000, 25.72500000000000142 ) ) ;
#214 = ADVANCED_FACE ( 'NONE', ( #1922 ), #529, .F. ) ;
#215 = EDGE_CURVE ( 'NONE', #715, #659, #546, .T. ) ;
#216 =( BOUNDED_CURVE ( )  B_SPLINE_CURVE ( 3, ( #138, #1357, #1829, #743 ),
 .UNSPECIFIED., .F., .F. ) 
 B_SPLINE_CURVE_WITH_KNOTS ( ( 4, 4 ),
 ( 4.712388980384689674, 6.283185307179586232 ),
 .UNSPECIFIED. ) 
 CURVE ( )  GEOMETRIC_REPRESENTATION_ITEM ( )  RATIONAL_B_SPLINE_CURVE ( ( 1.000000000000000000, 0.8047378541243649375, 0.8047378541243649375, 1.000000000000000000 ) ) 
 REPRESENTATION_ITEM ( '' )  );
#217 = CARTESIAN_POINT ( 'NONE',  ( 0.000000000000000000, 18.00000000000000000, 14.27500000000000036 ) ) ;
#218 = CARTESIAN_POINT ( 'NONE',  ( 17.02499999999999858, 18.00000000000000000, -14.27500000000000036 ) ) ;
#219 = CARTESIAN_POINT ( 'NONE',  ( -25.50000000000000000, 3.000000000000000000, -20.00000000000000000 ) ) ;
#220 = CIRCLE ( 'NONE', #1358, 3.499999999999996003 ) ;
#221 = EDGE_LOOP ( 'NONE', ( #400, #368 ) ) ;
#222 = ORIENTED_EDGE ( 'NONE', *, *, #1068, .T. ) ;
#223 = CARTESIAN_POINT ( 'NONE',  ( 6.000000000000000000, -8.000000000000000000, 9.099999999999999645 ) ) ;
#224 = VECTOR ( 'NONE', #1453, 1000.000000000000000 ) ;
#225 = CYLINDRICAL_SURFACE ( 'NONE', #1525, 1.100000000000000311 ) ;
#226 = DIRECTION ( 'NONE',  ( 0.3524287272412813254, 0.000000000000000000, -0.9358386571493457762 ) ) ;
#227 = LINE ( 'NONE', #1441, #723 ) ;
#228 = VERTEX_POINT ( 'NONE', #1479 ) ;
#229 = FACE_BOUND ( 'NONE', #1568, .T. ) ;
#230 = EDGE_CURVE ( 'NONE', #1033, #233, #204, .T. ) ;
#231 = VECTOR ( 'NONE', #150, 1000.000000000000000 ) ;
#232 = VERTEX_POINT ( 'NONE', #1160 ) ;
#233 = VERTEX_POINT ( 'NONE', #989 ) ;
#234 = EDGE_CURVE ( 'NONE', #1947, #1152, #392, .T. ) ;
#235 = CARTESIAN_POINT ( 'NONE',  ( -18.50000000000000000, 4.656854249492380582, -16.00000000000000000 ) ) ;
#236 = DATE_AND_TIME ( #565, #712 ) ;
#237 = ADVANCED_FACE ( 'NONE', ( #1331 ), #828, .F. ) ;
#238 = DIRECTION ( 'NONE',  ( 0.000000000000000000, 0.000000000000000000, 1.000000000000000000 ) ) ;
#239 = DIRECTION ( 'NONE',  ( 0.000000000000000000, 1.000000000000000000, 0.000000000000000000 ) ) ;
#240 = EDGE_LOOP ( 'NONE', ( #690, #1245, #658, #1351 ) ) ;
#241 = CARTESIAN_POINT ( 'NONE',  ( -24.26649945465551639, 3.000000000000000000, -23.27543530002270700 ) ) ;
#242 = LINE ( 'NONE', #72, #1474 ) ;
#243 = VECTOR ( 'NONE', #819, 1000.000000000000000 ) ;
#244 = VECTOR ( 'NONE', #182, 1000.000000000000000 ) ;
#245 = ORIENTED_EDGE ( 'NONE', *, *, #1024, .T. ) ;
#246 = ORIENTED_EDGE ( 'NONE', *, *, #780, .T. ) ;
#247 = DIRECTION ( 'NONE',  ( -0.000000000000000000, 1.000000000000000000, -0.000000000000000000 ) ) ;
#248 = ORIENTED_EDGE ( 'NONE', *, *, #1285, .F. ) ;
#249 = DIRECTION ( 'NONE',  ( 1.000000000000000000, -0.000000000000000000, 0.000000000000000000 ) ) ;
#250 = CARTESIAN_POINT ( 'NONE',  ( 18.50000000000000000, 18.00000000000000000, 0.000000000000000000 ) ) ;
#251 = VERTEX_POINT ( 'NONE', #1150 ) ;
#252 = PLANE ( 'NONE',  #341 ) ;
#253 = FACE_OUTER_BOUND ( 'NONE', #910, .T. ) ;
#254 = FACE_OUTER_BOUND ( 'NONE', #386, .T. ) ;
#255 = ORIENTED_EDGE ( 'NONE', *, *, #1589, .T. ) ;
#256 = AXIS2_PLACEMENT_3D ( 'NONE', #494, #1723, #1243 ) ;
#257 = FACE_BOUND ( 'NONE', #1124, .T. ) ;
#258 = ORIENTED_EDGE ( 'NONE', *, *, #77, .T. ) ;
#259 = APPROVAL_STATUS ( 'not_yet_approved' ) ;
#260 = CARTESIAN_POINT ( 'NONE',  ( 6.000000000000000000, 0.000000000000000000, -9.099999999999999645 ) ) ;
#261 = VERTEX_POINT ( 'NONE', #1906 ) ;
#262 = FACE_BOUND ( 'NONE', #509, .T. ) ;
#263 = DIRECTION ( 'NONE',  ( 1.000000000000000000, -0.000000000000000000, 0.000000000000000000 ) ) ;
#264 = DIRECTION ( 'NONE',  ( 1.000000000000000000, -0.000000000000000000, 0.000000000000000000 ) ) ;
#265 = EDGE_CURVE ( 'NONE', #19, #359, #1455, .T. ) ;
#266 = DIRECTION ( 'NONE',  ( -1.000000000000000000, 0.000000000000000000, 0.000000000000000000 ) ) ;
#267 = ORIENTED_EDGE ( 'NONE', *, *, #130, .F. ) ;
#268 = ORIENTED_EDGE ( 'NONE', *, *, #849, .T. ) ;
#269 = CIRCLE ( 'NONE', #1299, 1.499999999999997780 ) ;
#270 = ORIENTED_EDGE ( 'NONE', *, *, #1111, .F. ) ;
#271 = FACE_OUTER_BOUND ( 'NONE', #446, .T. ) ;
#272 = FACE_OUTER_BOUND ( 'NONE', #675, .T. ) ;
#273 = LINE ( 'NONE', #720, #1606 ) ;
#274 = FACE_OUTER_BOUND ( 'NONE', #822, .T. ) ;
#275 = CARTESIAN_POINT ( 'NONE',  ( -6.000000000000000000, -8.000000000000000000, 8.000000000000000000 ) ) ;
#276 = DIRECTION ( 'NONE',  ( 0.000000000000000000, 0.000000000000000000, -1.000000000000000000 ) ) ;
#277 = EDGE_CURVE ( 'NONE', #1601, #531, #609, .T. ) ;
#278 = AXIS2_PLACEMENT_3D ( 'NONE', #1386, #1685, #469 ) ;
#279 = ORIENTED_EDGE ( 'NONE', *, *, #1424, .F. ) ;
#280 = EDGE_CURVE ( 'NONE', #1371, #1628, #1986, .T. ) ;
#281 = ORIENTED_EDGE ( 'NONE', *, *, #1050, .F. ) ;
#282 = DIRECTION ( 'NONE',  ( -0.000000000000000000, -1.000000000000000000, -0.000000000000000000 ) ) ;
#283 = AXIS2_PLACEMENT_3D ( 'NONE', #671, #811, #820 ) ;
#284 = FACE_BOUND ( 'NONE', #28, .T. ) ;
#285 = CARTESIAN_POINT ( 'NONE',  ( 6.000000000000000000, -8.000000000000000000, -8.000000000000000000 ) ) ;
#286 = LINE ( 'NONE', #585, #1973 ) ;
#287 = EDGE_LOOP ( 'NONE', ( #394, #993, #376, #1886 ) ) ;
#288 = DIRECTION ( 'NONE',  ( -1.000000000000000000, 0.000000000000000000, -0.000000000000000000 ) ) ;
#289 = AXIS2_PLACEMENT_3D ( 'NONE', #1729, #1911, #1298 ) ;
#290 = AXIS2_PLACEMENT_3D ( 'NONE', #116, #1195, #1835 ) ;
#291 = ORIENTED_EDGE ( 'NONE', *, *, #1739, .T. ) ;
#292 = EDGE_LOOP ( 'NONE', ( #1666, #279 ) ) ;
#293 = CYLINDRICAL_SURFACE ( 'NONE', #357, 1.500000000000001332 ) ;
#294 = DIRECTION ( 'NONE',  ( 0.000000000000000000, 0.000000000000000000, 1.000000000000000000 ) ) ;
#295 = DIRECTION ( 'NONE',  ( -0.9358386571493370054, 0.000000000000000000, 0.3524287272413043071 ) ) ;
#296 = CARTESIAN_POINT ( 'NONE',  ( 0.000000000000000000, 18.00000000000000000, -16.00000000000000000 ) ) ;
#297 = PRODUCT_DEFINITION_FORMATION_WITH_SPECIFIED_SOURCE ( 'ANY', '', #787, .NOT_KNOWN. ) ;
#298 = CIRCLE ( 'NONE', #190, 1.100000000000000311 ) ;
#299 = ADVANCED_FACE ( 'NONE', ( #687 ), #380, .F. ) ;
#300 = VERTEX_POINT ( 'NONE', #1786 ) ;
#301 = CARTESIAN_POINT ( 'NONE',  ( -25.49999999999975131, 0.000000000000000000, 10.06891399745681426 ) ) ;
#302 = EDGE_LOOP ( 'NONE', ( #1740, #1174, #2003, #984 ) ) ;
#303 = CC_DESIGN_PERSON_AND_ORGANIZATION_ASSIGNMENT ( #1232, #426, ( #833 ) ) ;
#304 = PLANE ( 'NONE',  #1394 ) ;
#305 = EDGE_CURVE ( 'NONE', #1162, #251, #674, .T. ) ;
#306 = CARTESIAN_POINT ( 'NONE',  ( 17.02499999999999858, 3.000000000000000000, -0.000000000000000000 ) ) ;
#307 = DIRECTION ( 'NONE',  ( -0.000000000000000000, -1.000000000000000000, -0.000000000000000000 ) ) ;
#308 = DIRECTION ( 'NONE',  ( -1.000000000000000000, 0.000000000000000000, 0.000000000000000000 ) ) ;
#309 = VERTEX_POINT ( 'NONE', #371 ) ;
#310 = CALENDAR_DATE ( 2025, 8, 9 ) ;
#311 = ORIENTED_EDGE ( 'NONE', *, *, #1775, .T. ) ;
#312 = CARTESIAN_POINT ( 'NONE',  ( 7.099999999999997868, 10.00000000000000000, 16.00000000000000000 ) ) ;
#313 = CIRCLE ( 'NONE', #1951, 1.499999999999997780 ) ;
#314 = ORIENTED_EDGE ( 'NONE', *, *, #1500, .F. ) ;
#315 = EDGE_LOOP ( 'NONE', ( #268, #648, #385, #994 ) ) ;
#316 = DIRECTION ( 'NONE',  ( 0.000000000000000000, 0.000000000000000000, 1.000000000000000000 ) ) ;
#317 = PLANE ( 'NONE',  #1514 ) ;
#318 = DIRECTION ( 'NONE',  ( 0.000000000000000000, 0.000000000000000000, -1.000000000000000000 ) ) ;
#319 = ORIENTED_EDGE ( 'NONE', *, *, #1869, .F. ) ;
#320 = CARTESIAN_POINT ( 'NONE',  ( -17.02499999999999858, 3.000000000000000000, 0.000000000000000000 ) ) ;
#321 = CIRCLE ( 'NONE', #1035, 1.099999999999999423 ) ;
#322 = ORIENTED_EDGE ( 'NONE', *, *, #1820, .T. ) ;
#323 = ORIENTED_EDGE ( 'NONE', *, *, #1934, .F. ) ;
#324 = DIRECTION ( 'NONE',  ( 0.000000000000000000, 1.000000000000000000, 0.000000000000000000 ) ) ;
#325 = DIRECTION ( 'NONE',  ( 1.000000000000000000, 0.000000000000000000, 0.000000000000000000 ) ) ;
#326 = DIRECTION ( 'NONE',  ( 0.000000000000000000, 1.000000000000000000, 0.000000000000000000 ) ) ;
#327 = ORIENTED_EDGE ( 'NONE', *, *, #458, .F. ) ;
#328 = LINE ( 'NONE', #1558, #1681 ) ;
#329 = ADVANCED_FACE ( 'NONE', ( #404 ), #856, .T. ) ;
#330 = EDGE_CURVE ( 'NONE', #1940, #913, #844, .T. ) ;
#331 = LOCAL_TIME ( 18, 18, 48.00000000000000000, #1342 ) ;
#332 = VERTEX_POINT ( 'NONE', #1467 ) ;
#333 = ORIENTED_EDGE ( 'NONE', *, *, #1534, .T. ) ;
#334 = AXIS2_PLACEMENT_3D ( 'NONE', #285, #1989, #1670 ) ;
#335 = DIRECTION ( 'NONE',  ( -1.000000000000000000, 0.000000000000000000, 0.000000000000000000 ) ) ;
#336 = CARTESIAN_POINT ( 'NONE',  ( -6.000000000000000000, 3.000000000000000000, -8.000000000000000000 ) ) ;
#337 = VERTEX_POINT ( 'NONE', #696 ) ;
#338 = CARTESIAN_POINT ( 'NONE',  ( 25.50000000000000000, 3.000000000000000000, -21.50000000000000000 ) ) ;
#339 = AXIS2_PLACEMENT_3D ( 'NONE', #745, #1950, #1963 ) ;
#340 = ORIENTED_EDGE ( 'NONE', *, *, #1791, .F. ) ;
#341 = AXIS2_PLACEMENT_3D ( 'NONE', #1662, #1013, #419 ) ;
#342 = EDGE_LOOP ( 'NONE', ( #1322, #1029, #1434, #1548 ) ) ;
#343 = CARTESIAN_POINT ( 'NONE',  ( -7.100000000000002309, 10.00000000000000000, 25.72500000000000142 ) ) ;
#344 = VECTOR ( 'NONE', #848, 1000.000000000000000 ) ;
#345 = DIRECTION ( 'NONE',  ( 0.000000000000000000, 0.000000000000000000, 1.000000000000000000 ) ) ;
#346 = DIRECTION ( 'NONE',  ( 0.000000000000000000, 0.000000000000000000, 1.000000000000000000 ) ) ;
#347 = LINE ( 'NONE', #1569, #1528 ) ;
#348 = EDGE_CURVE ( 'NONE', #1044, #1082, #557, .T. ) ;
#349 = EDGE_CURVE ( 'NONE', #542, #698, #94, .T. ) ;
#350 = EDGE_LOOP ( 'NONE', ( #1314, #878 ) ) ;
#351 = ORIENTED_EDGE ( 'NONE', *, *, #1436, .T. ) ;
#352 = LINE ( 'NONE', #192, #1027 ) ;
#353 = DIRECTION ( 'NONE',  ( -0.9358386571493456652, 0.000000000000000000, 0.3524287272412812699 ) ) ;
#354 = CARTESIAN_POINT ( 'NONE',  ( -22.50000000000000000, 3.000000000000000000, 20.00000000000000000 ) ) ;
#355 = CARTESIAN_POINT ( 'NONE',  ( -6.000000000000001776, 10.00000000000000000, 14.27500000000000036 ) ) ;
#356 = VECTOR ( 'NONE', #1889, 1000.000000000000000 ) ;
#357 = AXIS2_PLACEMENT_3D ( 'NONE', #891, #1201, #104 ) ;
#358 = ADVANCED_FACE ( 'NONE', ( #982 ), #1141, .T. ) ;
#359 = VERTEX_POINT ( 'NONE', #456 ) ;
#360 = VERTEX_POINT ( 'NONE', #757 ) ;
#361 = FACE_BOUND ( 'NONE', #221, .T. ) ;
#362 = DIRECTION ( 'NONE',  ( -1.000000000000000000, 0.000000000000000000, 0.000000000000000000 ) ) ;
#363 = DIRECTION ( 'NONE',  ( -1.000000000000000000, -0.000000000000000000, -0.000000000000000000 ) ) ;
#364 = LINE ( 'NONE', #1751, #101 ) ;
#365 = ADVANCED_FACE ( 'NONE', ( #911, #1038, #619 ), #1182, .F. ) ;
#366 = AXIS2_PLACEMENT_3D ( 'NONE', #1011, #239, #42 ) ;
#367 = ORIENTED_EDGE ( 'NONE', *, *, #649, .T. ) ;
#368 = ORIENTED_EDGE ( 'NONE', *, *, #142, .F. ) ;
#369 = LINE ( 'NONE', #987, #814 ) ;
#370 = DIRECTION ( 'NONE',  ( -0.000000000000000000, 1.000000000000000000, -0.000000000000000000 ) ) ;
#371 = CARTESIAN_POINT ( 'NONE',  ( -7.100000000000002309, 10.00000000000000000, 14.27500000000000036 ) ) ;
#372 = DIRECTION ( 'NONE',  ( -0.000000000000000000, -0.000000000000000000, 1.000000000000000000 ) ) ;
#373 = VECTOR ( 'NONE', #117, 1000.000000000000000 ) ;
#374 = CIRCLE ( 'NONE', #950, 3.499999999999996003 ) ;
#375 = ORIENTED_EDGE ( 'NONE', *, *, #1534, .F. ) ;
#376 = ORIENTED_EDGE ( 'NONE', *, *, #1715, .F. ) ;
#377 = AXIS2_PLACEMENT_3D ( 'NONE', #492, #167, #159 ) ;
#378 = LINE ( 'NONE', #963, #511 ) ;
#379 = DIRECTION ( 'NONE',  ( 0.000000000000000000, 0.000000000000000000, 1.000000000000000000 ) ) ;
#380 = PLANE ( 'NONE',  #1551 ) ;
#381 = LINE ( 'NONE', #697, #1853 ) ;
#382 = ORIENTED_EDGE ( 'NONE', *, *, #1614, .T. ) ;
#383 = DIRECTION ( 'NONE',  ( 0.000000000000000000, 1.000000000000000000, 0.000000000000000000 ) ) ;
#384 = AXIS2_PLACEMENT_3D ( 'NONE', #147, #473, #1994 ) ;
#385 = ORIENTED_EDGE ( 'NONE', *, *, #1719, .F. ) ;
#386 = EDGE_LOOP ( 'NONE', ( #281, #198, #1752, #851 ) ) ;
#387 = EDGE_CURVE ( 'NONE', #1288, #332, #639, .T. ) ;
#388 = FACE_OUTER_BOUND ( 'NONE', #1080, .T. ) ;
#389 = VECTOR ( 'NONE', #67, 1000.000000000000000 ) ;
#390 = ORIENTED_EDGE ( 'NONE', *, *, #1273, .F. ) ;
#391 = DATE_AND_TIME ( #310, #331 ) ;
#392 = LINE ( 'NONE', #1612, #153 ) ;
#393 = DIRECTION ( 'NONE',  ( -0.9358386571493370054, 0.000000000000000000, -0.3524287272413043071 ) ) ;
#394 = ORIENTED_EDGE ( 'NONE', *, *, #1143, .T. ) ;
#395 = ADVANCED_FACE ( 'NONE', ( #1083 ), #1797, .F. ) ;
#396 = DIRECTION ( 'NONE',  ( 0.000000000000000000, 1.000000000000000000, 0.000000000000000000 ) ) ;
#397 = CARTESIAN_POINT ( 'NONE',  ( 17.02499999999999858, 18.00000000000000000, -14.27500000000000036 ) ) ;
#398 = AXIS2_PLACEMENT_3D ( 'NONE', #149, #1203, #1663 ) ;
#399 = VERTEX_POINT ( 'NONE', #312 ) ;
#400 = ORIENTED_EDGE ( 'NONE', *, *, #998, .F. ) ;
#401 = FACE_BOUND ( 'NONE', #635, .T. ) ;
#402 = EDGE_LOOP ( 'NONE', ( #1137, #413, #174, #1093 ) ) ;
#403 = PERSON_AND_ORGANIZATION ( #591, #1237 ) ;
#404 = FACE_OUTER_BOUND ( 'NONE', #775, .T. ) ;
#405 = DIRECTION ( 'NONE',  ( -0.000000000000000000, -1.000000000000000000, -0.000000000000000000 ) ) ;
#406 = ORIENTED_EDGE ( 'NONE', *, *, #1157, .T. ) ;
#407 = CARTESIAN_POINT ( 'NONE',  ( -25.50000000000000000, 0.000000000000000000, -21.50000000000000000 ) ) ;
#408 = LINE ( 'NONE', #1347, #959 ) ;
#409 = CIRCLE ( 'NONE', #1343, 1.100000000000000311 ) ;
#410 = ADVANCED_FACE ( 'NONE', ( #1532, #1234, #133 ), #932, .T. ) ;
#411 = VECTOR ( 'NONE', #263, 1000.000000000000000 ) ;
#412 = ORIENTED_EDGE ( 'NONE', *, *, #1, .F. ) ;
#413 = ORIENTED_EDGE ( 'NONE', *, *, #1355, .F. ) ;
#414 = DIRECTION ( 'NONE',  ( -0.9358386571493456652, -0.000000000000000000, -0.3524287272412812699 ) ) ;
#415 = CALENDAR_DATE ( 2025, 8, 9 ) ;
#416 = VECTOR ( 'NONE', #1945, 1000.000000000000000 ) ;
#417 = DIRECTION ( 'NONE',  ( 0.000000000000000000, 0.000000000000000000, -1.000000000000000000 ) ) ;
#418 = DIRECTION ( 'NONE',  ( -0.000000000000000000, -1.000000000000000000, -0.000000000000000000 ) ) ;
#419 = DIRECTION ( 'NONE',  ( 1.000000000000000000, 0.000000000000000000, -0.000000000000000000 ) ) ;
#420 = DIRECTION ( 'NONE',  ( 0.000000000000000000, 0.000000000000000000, 1.000000000000000000 ) ) ;
#421 = FACE_OUTER_BOUND ( 'NONE', #1698, .T. ) ;
#422 = VERTEX_POINT ( 'NONE', #301 ) ;
#423 = EDGE_CURVE ( 'NONE', #1270, #1673, #1674, .T. ) ;
#424 = EDGE_LOOP ( 'NONE', ( #1557, #1333 ) ) ;
#425 = AXIS2_PLACEMENT_3D ( 'NONE', #1214, #741, #1535 ) ;
#426 = PERSON_AND_ORGANIZATION_ROLE ( 'creator' ) ;
#427 = CYLINDRICAL_SURFACE ( 'NONE', #1746, 1.100000000000000311 ) ;
#428 =( GEOMETRIC_REPRESENTATION_CONTEXT ( 3 ) GLOBAL_UNCERTAINTY_ASSIGNED_CONTEXT ( ( #650 ) ) GLOBAL_UNIT_ASSIGNED_CONTEXT ( ( #1921, #1171, #545 ) ) REPRESENTATION_CONTEXT ( 'NONE', 'WORKASPACE' ) );
#429 = DIRECTION ( 'NONE',  ( 0.000000000000000000, 0.000000000000000000, -1.000000000000000000 ) ) ;
#430 = FACE_BOUND ( 'NONE', #1296, .T. ) ;
#431 = CARTESIAN_POINT ( 'NONE',  ( -25.50000000000000000, 0.000000000000000000, -23.50000000000000000 ) ) ;
#432 = EDGE_CURVE ( 'NONE', #1722, #1452, #143, .T. ) ;
#433 = ADVANCED_FACE ( 'NONE', ( #452 ), #762, .F. ) ;
#434 = LINE ( 'NONE', #1337, #506 ) ;
#435 = VECTOR ( 'NONE', #1163, 1000.000000000000114 ) ;
#436 = ORIENTED_EDGE ( 'NONE', *, *, #448, .F. ) ;
#437 = AXIS2_PLACEMENT_3D ( 'NONE', #1043, #109, #586 ) ;
#438 = ADVANCED_FACE ( 'NONE', ( #1664 ), #744, .F. ) ;
#439 = EDGE_LOOP ( 'NONE', ( #1644, #1901, #191, #831, #1250, #88 ) ) ;
#440 = CARTESIAN_POINT ( 'NONE',  ( 6.000000000000000000, -8.000000000000000000, 8.000000000000000000 ) ) ;
#441 = PLANE ( 'NONE',  #1377 ) ;
#442 = DIRECTION ( 'NONE',  ( -0.3524287272413042515, 0.000000000000000000, -0.9358386571493370054 ) ) ;
#443 = DIRECTION ( 'NONE',  ( -1.000000000000000000, 0.000000000000000000, 0.000000000000000000 ) ) ;
#444 = AXIS2_PLACEMENT_3D ( 'NONE', #86, #1936, #1646 ) ;
#445 = ORIENTED_EDGE ( 'NONE', *, *, #519, .F. ) ;
#446 = EDGE_LOOP ( 'NONE', ( #783, #680, #1477, #89 ) ) ;
#447 = ORIENTED_EDGE ( 'NONE', *, *, #1916, .T. ) ;
#448 = EDGE_CURVE ( 'NONE', #1947, #1824, #1952, .T. ) ;
#449 = CARTESIAN_POINT ( 'NONE',  ( -6.000000000000001776, 10.00000000000000000, 25.72500000000000142 ) ) ;
#450 = DIRECTION ( 'NONE',  ( -0.000000000000000000, -1.000000000000000000, -0.000000000000000000 ) ) ;
#451 = FACE_OUTER_BOUND ( 'NONE', #1060, .T. ) ;
#452 = FACE_OUTER_BOUND ( 'NONE', #439, .T. ) ;
#453 = EDGE_CURVE ( 'NONE', #1371, #568, #918, .T. ) ;
#454 = CC_DESIGN_PERSON_AND_ORGANIZATION_ASSIGNMENT ( #1843, #467, ( #526 ) ) ;
#455 = ORIENTED_EDGE ( 'NONE', *, *, #141, .F. ) ;
#456 = CARTESIAN_POINT ( 'NONE',  ( -18.50000000000000000, 18.00000000000000000, 16.00000000000000000 ) ) ;
#457 = AXIS2_PLACEMENT_3D ( 'NONE', #1266, #980, #379 ) ;
#458 = EDGE_CURVE ( 'NONE', #65, #1855, #616, .T. ) ;
#459 = CIRCLE ( 'NONE', #256, 1.500000000000001332 ) ;
#460 = ORIENTED_EDGE ( 'NONE', *, *, #605, .T. ) ;
#461 = DIRECTION ( 'NONE',  ( 0.3524287272413042515, -0.000000000000000000, -0.9358386571493370054 ) ) ;
#462 = DIRECTION ( 'NONE',  ( 0.000000000000000000, 0.000000000000000000, -1.000000000000000000 ) ) ;
#463 = CARTESIAN_POINT ( 'NONE',  ( 28.77543530002267502, 3.000000000000000000, 18.76649945465543823 ) ) ;
#464 = CARTESIAN_POINT ( 'NONE',  ( 18.50000000000000000, 18.00000000000000000, -16.00000000000000000 ) ) ;
#465 = EDGE_LOOP ( 'NONE', ( #1533, #1583 ) ) ;
#466 = APPROVAL_PERSON_ORGANIZATION ( #1549, #1260, #815 ) ;
#467 = PERSON_AND_ORGANIZATION_ROLE ( 'classification_officer' ) ;
#468 = ORIENTED_EDGE ( 'NONE', *, *, #665, .T. ) ;
#469 = DIRECTION ( 'NONE',  ( -1.000000000000000000, 0.000000000000000000, -0.000000000000000000 ) ) ;
#470 = ORIENTED_EDGE ( 'NONE', *, *, #1517, .T. ) ;
#471 = AXIS2_PLACEMENT_3D ( 'NONE', #449, #567, #1344 ) ;
#472 = ORIENTED_EDGE ( 'NONE', *, *, #587, .F. ) ;
#473 = DIRECTION ( 'NONE',  ( 0.000000000000000000, 1.000000000000000000, 0.000000000000000000 ) ) ;
#474 = LINE ( 'NONE', #1088, #1544 ) ;
#475 = DIRECTION ( 'NONE',  ( 0.000000000000000000, 0.000000000000000000, 1.000000000000000000 ) ) ;
#476 = ORIENTED_EDGE ( 'NONE', *, *, #349, .T. ) ;
#477 = CARTESIAN_POINT ( 'NONE',  ( -25.50000000000000000, 3.000000000000000000, 18.50000000000000000 ) ) ;
#478 = ORIENTED_EDGE ( 'NONE', *, *, #832, .T. ) ;
#479 = AXIS2_PLACEMENT_3D ( 'NONE', #1225, #1711, #137 ) ;
#480 = ORIENTED_EDGE ( 'NONE', *, *, #1068, .F. ) ;
#481 = CARTESIAN_POINT ( 'NONE',  ( -25.49999999999975131, 3.000000000000000000, -10.06891399745681426 ) ) ;
#482 = ADVANCED_FACE ( 'NONE', ( #1227 ), #1205, .F. ) ;
#483 = CC_DESIGN_DATE_AND_TIME_ASSIGNMENT ( #236, #1329, ( #833 ) ) ;
#484 = DIRECTION ( 'NONE',  ( 0.000000000000000000, 1.000000000000000000, 0.000000000000000000 ) ) ;
#485 = CARTESIAN_POINT ( 'NONE',  ( -24.26649945465551639, 0.000000000000000000, 23.27543530002270700 ) ) ;
#486 = ORIENTED_EDGE ( 'NONE', *, *, #630, .T. ) ;
#487 = CARTESIAN_POINT ( 'NONE',  ( 6.000000000000000000, 0.000000000000000000, 9.099999999999999645 ) ) ;
#488 = ORIENTED_EDGE ( 'NONE', *, *, #199, .F. ) ;
#489 = ORIENTED_EDGE ( 'NONE', *, *, #1235, .T. ) ;
#490 = AXIS2_PLACEMENT_3D ( 'NONE', #185, #940, #636 ) ;
#491 = FACE_OUTER_BOUND ( 'NONE', #1054, .T. ) ;
#492 = CARTESIAN_POINT ( 'NONE',  ( 5.999999999999998224, 10.00000000000000000, 25.72500000000000142 ) ) ;
#493 = VERTEX_POINT ( 'NONE', #894 ) ;
#494 = CARTESIAN_POINT ( 'NONE',  ( -25.50000000000000000, 0.000000000000000000, 20.00000000000000000 ) ) ;
#495 = CIRCLE ( 'NONE', #1075, 3.499999999999999556 ) ;
#496 = ADVANCED_FACE ( 'NONE', ( #1850 ), #1962, .F. ) ;
#497 = ORIENTED_EDGE ( 'NONE', *, *, #1362, .F. ) ;
#498 = ORIENTED_EDGE ( 'NONE', *, *, #752, .F. ) ;
#499 = EDGE_CURVE ( 'NONE', #1792, #542, #1241, .T. ) ;
#500 = EDGE_CURVE ( 'NONE', #866, #1326, #1252, .T. ) ;
#501 = VECTOR ( 'NONE', #626, 1000.000000000000000 ) ;
#502 = DIRECTION ( 'NONE',  ( -0.000000000000000000, -1.000000000000000000, -0.000000000000000000 ) ) ;
#503 = DIRECTION ( 'NONE',  ( 0.3524287272413049732, 0.000000000000000000, 0.9358386571493366723 ) ) ;
#504 = DIRECTION ( 'NONE',  ( 0.000000000000000000, 1.000000000000000000, 0.000000000000000000 ) ) ;
#505 = CARTESIAN_POINT ( 'NONE',  ( 25.50000000000000000, 3.000000000000000000, -20.00000000000000000 ) ) ;
#506 = VECTOR ( 'NONE', #1199, 1000.000000000000000 ) ;
#507 = VERTEX_POINT ( 'NONE', #1671 ) ;
#508 = AXIS2_PLACEMENT_3D ( 'NONE', #1948, #1030, #1041 ) ;
#509 = EDGE_LOOP ( 'NONE', ( #854, #943, #778, #802 ) ) ;
#510 = LINE ( 'NONE', #1447, #1985 ) ;
#511 = VECTOR ( 'NONE', #1125, 1000.000000000000000 ) ;
#512 = CARTESIAN_POINT ( 'NONE',  ( 6.000000000000000000, 3.000000000000000000, 8.000000000000000000 ) ) ;
#513 = EDGE_CURVE ( 'NONE', #1152, #261, #374, .T. ) ;
#514 = CARTESIAN_POINT ( 'NONE',  ( -28.77543530002271410, 3.000000000000000000, -18.76649945465551639 ) ) ;
#515 = EDGE_CURVE ( 'NONE', #1167, #1012, #286, .T. ) ;
#516 = LINE ( 'NONE', #1128, #1491 ) ;
#517 = VERTEX_POINT ( 'NONE', #884 ) ;
#518 = ORIENTED_EDGE ( 'NONE', *, *, #1648, .T. ) ;
#519 = EDGE_CURVE ( 'NONE', #793, #422, #907, .T. ) ;
#520 = CARTESIAN_POINT ( 'NONE',  ( 24.26649945465551284, 0.000000000000000000, 23.27543530002270344 ) ) ;
#521 = DIRECTION ( 'NONE',  ( 0.000000000000000000, 0.000000000000000000, 1.000000000000000000 ) ) ;
#522 = CARTESIAN_POINT ( 'NONE',  ( -6.000000000000000000, 0.000000000000000000, -6.899999999999998579 ) ) ;
#523 = DIRECTION ( 'NONE',  ( -0.000000000000000000, -1.000000000000000000, -0.000000000000000000 ) ) ;
#524 = VECTOR ( 'NONE', #956, 1000.000000000000000 ) ;
#525 = VERTEX_POINT ( 'NONE', #1529 ) ;
#526 = SECURITY_CLASSIFICATION ( '', '', #103 ) ;
#527 = CYLINDRICAL_SURFACE ( 'NONE', #1218, 1.500000000000001332 ) ;
#528 = FACE_OUTER_BOUND ( 'NONE', #711, .T. ) ;
#529 = PLANE ( 'NONE',  #1893 ) ;
#530 = AXIS2_PLACEMENT_3D ( 'NONE', #1932, #393, #558 ) ;
#531 = VERTEX_POINT ( 'NONE', #1507 ) ;
#532 = FACE_BOUND ( 'NONE', #637, .T. ) ;
#533 = CARTESIAN_POINT ( 'NONE',  ( 28.77543530002267502, 3.000000000000000000, -18.76649945465543823 ) ) ;
#534 = CARTESIAN_POINT ( 'NONE',  ( -4.900000000000001243, 10.00000000000000000, 25.72500000000000142 ) ) ;
#535 = DIRECTION ( 'NONE',  ( 0.000000000000000000, 1.000000000000000000, 0.000000000000000000 ) ) ;
#536 = ORIENTED_EDGE ( 'NONE', *, *, #234, .T. ) ;
#537 = EDGE_CURVE ( 'NONE', #507, #1302, #1978, .T. ) ;
#538 = ADVANCED_FACE ( 'NONE', ( #1198 ), #1392, .F. ) ;
#539 = VECTOR ( 'NONE', #139, 1000.000000000000000 ) ;
#540 = CARTESIAN_POINT ( 'NONE',  ( -18.50000000000000000, 6.999999999999999112, -16.00000000000000000 ) ) ;
#541 = APPROVAL ( #259, 'UNSPECIFIED' ) ;
#542 = VERTEX_POINT ( 'NONE', #1809 ) ;
#543 = ORIENTED_EDGE ( 'NONE', *, *, #769, .T. ) ;
#544 = CARTESIAN_POINT ( 'NONE',  ( 25.50000000000000000, 3.000000000000000000, -18.50000000000000000 ) ) ;
#545 =( NAMED_UNIT ( * ) SI_UNIT ( $, .STERADIAN. ) SOLID_ANGLE_UNIT ( ) );
#546 = LINE ( 'NONE', #1776, #1476 ) ;
#547 = PLANE ( 'NONE',  #530 ) ;
#548 = ORIENTED_EDGE ( 'NONE', *, *, #1826, .F. ) ;
#549 = DIRECTION ( 'NONE',  ( 0.000000000000000000, 1.000000000000000000, 0.000000000000000000 ) ) ;
#550 = CIRCLE ( 'NONE', #457, 1.500000000000001332 ) ;
#551 = CIRCLE ( 'NONE', #490, 3.499999999999996003 ) ;
#552 = VERTEX_POINT ( 'NONE', #108 ) ;
#553 = CC_DESIGN_SECURITY_CLASSIFICATION ( #526, ( #297 ) ) ;
#554 = LINE ( 'NONE', #223, #1168 ) ;
#555 = CIRCLE ( 'NONE', #1600, 1.100000000000000311 ) ;
#556 = EDGE_CURVE ( 'NONE', #19, #1792, #1830, .T. ) ;
#557 = LINE ( 'NONE', #1172, #1690 ) ;
#558 = DIRECTION ( 'NONE',  ( -0.3524287272413043071, 0.000000000000000000, 0.9358386571493370054 ) ) ;
#559 = ORIENTED_EDGE ( 'NONE', *, *, #513, .T. ) ;
#560 = DIRECTION ( 'NONE',  ( 1.000000000000000000, 0.000000000000000000, 0.000000000000000000 ) ) ;
#561 = CARTESIAN_POINT ( 'NONE',  ( -15.56891399745681603, 3.000000000000000000, -20.00000000000000000 ) ) ;
#562 = EDGE_LOOP ( 'NONE', ( #1156, #700 ) ) ;
#563 = ORIENTED_EDGE ( 'NONE', *, *, #1796, .F. ) ;
#564 = LINE ( 'NONE', #1317, #1684 ) ;
#565 = CALENDAR_DATE ( 2025, 8, 9 ) ;
#566 = DIRECTION ( 'NONE',  ( -0.000000000000000000, -1.000000000000000000, -0.000000000000000000 ) ) ;
#567 = DIRECTION ( 'NONE',  ( 0.000000000000000000, 0.000000000000000000, -1.000000000000000000 ) ) ;
#568 = VERTEX_POINT ( 'NONE', #431 ) ;
#569 = CARTESIAN_POINT ( 'NONE',  ( -25.50000000000000000, 3.000000000000000000, -20.00000000000000000 ) ) ;
#570 = LINE ( 'NONE', #808, #244 ) ;
#571 = ADVANCED_FACE ( 'NONE', ( #421 ), #1058, .T. ) ;
#572 = AXIS2_PLACEMENT_3D ( 'NONE', #1807, #106, #1494 ) ;
#573 = AXIS2_PLACEMENT_3D ( 'NONE', #1846, #566, #417 ) ;
#574 = DIRECTION ( 'NONE',  ( -0.000000000000000000, -1.000000000000000000, -0.000000000000000000 ) ) ;
#575 = ORIENTED_EDGE ( 'NONE', *, *, #1560, .F. ) ;
#576 = ORIENTED_EDGE ( 'NONE', *, *, #786, .F. ) ;
#577 = CIRCLE ( 'NONE', #738, 1.500000000000001332 ) ;
#578 = CARTESIAN_POINT ( 'NONE',  ( 18.50000000000000000, 6.999999999999999112, 16.00000000000000000 ) ) ;
#579 = ORIENTED_EDGE ( 'NONE', *, *, #1916, .F. ) ;
#580 = DIRECTION ( 'NONE',  ( 0.000000000000000000, 0.000000000000000000, -1.000000000000000000 ) ) ;
#581 = EDGE_CURVE ( 'NONE', #233, #816, #1977, .T. ) ;
#582 = LINE ( 'NONE', #1814, #746 ) ;
#583 = FACE_OUTER_BOUND ( 'NONE', #737, .T. ) ;
#584 = FACE_OUTER_BOUND ( 'NONE', #1213, .T. ) ;
#585 = CARTESIAN_POINT ( 'NONE',  ( 0.000000000000000000, 6.999999999999999112, 16.00000000000000000 ) ) ;
#586 = DIRECTION ( 'NONE',  ( 0.000000000000000000, 0.000000000000000000, 1.000000000000000000 ) ) ;
#587 = EDGE_CURVE ( 'NONE', #359, #1074, #1527, .T. ) ;
#588 = ADVANCED_FACE ( 'NONE', ( #274 ), #1518, .F. ) ;
#589 = ORIENTED_EDGE ( 'NONE', *, *, #1290, .T. ) ;
#590 = FACE_OUTER_BOUND ( 'NONE', #958, .T. ) ;
#591 = PERSON ( 'UNSPECIFIED', 'UNSPECIFIED', 'UNSPECIFIED', ('UNSPECIFIED'), ('UNSPECIFIED'), ('UNSPECIFIED') ) ;
#592 = LOCAL_TIME ( 18, 18, 48.00000000000000000, #728 ) ;
#593 = DIRECTION ( 'NONE',  ( -0.3524287272413042515, -0.000000000000000000, 0.9358386571493370054 ) ) ;
#594 = DIRECTION ( 'NONE',  ( -0.000000000000000000, -1.000000000000000000, -0.000000000000000000 ) ) ;
#595 = DIRECTION ( 'NONE',  ( -0.000000000000000000, 1.000000000000000000, -0.000000000000000000 ) ) ;
#596 = AXIS2_PLACEMENT_3D ( 'NONE', #906, #1838, #1217 ) ;
#597 = ORIENTED_EDGE ( 'NONE', *, *, #842, .F. ) ;
#598 = ORIENTED_EDGE ( 'NONE', *, *, #500, .F. ) ;
#599 = EDGE_LOOP ( 'NONE', ( #651, #1615, #1788, #611 ) ) ;
#600 = DIRECTION ( 'NONE',  ( -0.000000000000000000, 1.000000000000000000, -0.000000000000000000 ) ) ;
#601 = CARTESIAN_POINT ( 'NONE',  ( -15.56891399745681603, 3.000000000000000000, 20.00000000000000000 ) ) ;
#602 = CARTESIAN_POINT ( 'NONE',  ( 17.02499999999999858, 18.00000000000000000, 14.27500000000000036 ) ) ;
#603 = CARTESIAN_POINT ( 'NONE',  ( -6.000000000000000000, -8.000000000000000000, -8.000000000000000000 ) ) ;
#604 = PRODUCT_RELATED_PRODUCT_CATEGORY ( 'detail', '', ( #787 ) ) ;
#605 = EDGE_CURVE ( 'NONE', #552, #1270, #1997, .T. ) ;
#606 = CIRCLE ( 'NONE', #855, 1.099999999999999423 ) ;
#607 = AXIS2_PLACEMENT_3D ( 'NONE', #1031, #709, #1925 ) ;
#608 = EDGE_LOOP ( 'NONE', ( #962, #1964, #45, #498 ) ) ;
#609 = CIRCLE ( 'NONE', #1736, 1.100000000000000311 ) ;
#610 = CARTESIAN_POINT ( 'NONE',  ( 0.000000000000000000, 6.999999999999999112, 20.00000000000000000 ) ) ;
#611 = ORIENTED_EDGE ( 'NONE', *, *, #1648, .F. ) ;
#612 = EDGE_LOOP ( 'NONE', ( #1579, #1258, #37, #1540 ) ) ;
#613 = CARTESIAN_POINT ( 'NONE',  ( 28.77543530002267502, 0.000000000000000000, 18.76649945465543823 ) ) ;
#614 = DIRECTION ( 'NONE',  ( -1.000000000000000000, 0.000000000000000000, 0.000000000000000000 ) ) ;
#615 = CARTESIAN_POINT ( 'NONE',  ( 0.000000000000000000, 18.00000000000000000, 16.00000000000000000 ) ) ;
#616 = LINE ( 'NONE', #119, #13 ) ;
#617 = ORIENTED_EDGE ( 'NONE', *, *, #1145, .T. ) ;
#618 = ORIENTED_EDGE ( 'NONE', *, *, #1839, .T. ) ;
#619 = FACE_OUTER_BOUND ( 'NONE', #110, .T. ) ;
#620 = CIRCLE ( 'NONE', #777, 1.099999999999999423 ) ;
#621 = EDGE_LOOP ( 'NONE', ( #1281, #1253, #1697, #1717 ) ) ;
#622 = DIRECTION ( 'NONE',  ( 0.000000000000000000, 0.000000000000000000, -1.000000000000000000 ) ) ;
#623 = DIRECTION ( 'NONE',  ( 0.000000000000000000, 1.000000000000000000, 0.000000000000000000 ) ) ;
#624 = DIRECTION ( 'NONE',  ( 0.000000000000000000, 0.000000000000000000, -1.000000000000000000 ) ) ;
#625 = ADVANCED_FACE ( 'NONE', ( #1379 ), #1065, .F. ) ;
#626 = DIRECTION ( 'NONE',  ( 1.000000000000000000, -0.000000000000000000, 0.000000000000000000 ) ) ;
#627 = ORIENTED_EDGE ( 'NONE', *, *, #265, .T. ) ;
#628 = CYLINDRICAL_SURFACE ( 'NONE', #27, 1.500000000000001332 ) ;
#629 = VERTEX_POINT ( 'NONE', #925 ) ;
#630 = EDGE_CURVE ( 'NONE', #644, #942, #1391, .T. ) ;
#631 = ORIENTED_EDGE ( 'NONE', *, *, #1854, .F. ) ;
#632 = VECTOR ( 'NONE', #282, 1000.000000000000000 ) ;
#633 = DIRECTION ( 'NONE',  ( 0.000000000000000000, 0.000000000000000000, 1.000000000000000000 ) ) ;
#634 = CARTESIAN_POINT ( 'NONE',  ( 25.50000000000000000, 0.000000000000000000, 20.00000000000000000 ) ) ;
#635 = EDGE_LOOP ( 'NONE', ( #255, #258 ) ) ;
#636 = DIRECTION ( 'NONE',  ( 0.000000000000000000, 0.000000000000000000, 1.000000000000000000 ) ) ;
#637 = EDGE_LOOP ( 'NONE', ( #1894, #1107 ) ) ;
#638 = CIRCLE ( 'NONE', #11, 1.100000000000000311 ) ;
#639 = CIRCLE ( 'NONE', #207, 1.500000000000001332 ) ;
#640 = FACE_BOUND ( 'NONE', #666, .T. ) ;
#641 = EDGE_CURVE ( 'NONE', #552, #1012, #216, .T. ) ;
#642 = DIRECTION ( 'NONE',  ( 0.9358386571493457762, 0.000000000000000000, 0.3524287272412813254 ) ) ;
#643 = DIRECTION ( 'NONE',  ( 0.9358386571493367834, 0.000000000000000000, -0.3524287272413050842 ) ) ;
#644 = VERTEX_POINT ( 'NONE', #1969 ) ;
#645 = ADVANCED_FACE ( 'NONE', ( #451 ), #1680, .F. ) ;
#646 = CARTESIAN_POINT ( 'NONE',  ( 25.50000000000000000, 3.000000000000000000, -20.00000000000000000 ) ) ;
#647 = CIRCLE ( 'NONE', #1765, 1.100000000000000311 ) ;
#648 = ORIENTED_EDGE ( 'NONE', *, *, #215, .F. ) ;
#649 = EDGE_CURVE ( 'NONE', #1984, #180, #1078, .T. ) ;
#650 = UNCERTAINTY_MEASURE_WITH_UNIT (LENGTH_MEASURE( 1.000000000000000082E-05 ), #1921, 'distance_accuracy_value', 'NONE');
#651 = ORIENTED_EDGE ( 'NONE', *, *, #1081, .T. ) ;
#652 = DIRECTION ( 'NONE',  ( -0.3524287272413042515, -0.000000000000000000, 0.9358386571493370054 ) ) ;
#653 = CIRCLE ( 'NONE', #1772, 1.100000000000000311 ) ;
#654 = CYLINDRICAL_SURFACE ( 'NONE', #1836, 3.499999999999996003 ) ;
#655 = CARTESIAN_POINT ( 'NONE',  ( -28.77543530002267502, 3.000000000000000000, 18.76649945465543823 ) ) ;
#656 = DIRECTION ( 'NONE',  ( 0.000000000000000000, 0.000000000000000000, 1.000000000000000000 ) ) ;
#657 = VECTOR ( 'NONE', #693, 1000.000000000000000 ) ;
#658 = ORIENTED_EDGE ( 'NONE', *, *, #1675, .F. ) ;
#659 = VERTEX_POINT ( 'NONE', #761 ) ;
#660 = CARTESIAN_POINT ( 'NONE',  ( 6.000000000000000000, 0.000000000000000000, 8.000000000000000000 ) ) ;
#661 = LINE ( 'NONE', #988, #1120 ) ;
#662 = EDGE_CURVE ( 'NONE', #1385, #83, #1538, .T. ) ;
#663 = FACE_OUTER_BOUND ( 'NONE', #1686, .T. ) ;
#664 = DIRECTION ( 'NONE',  ( -0.000000000000000000, -1.000000000000000000, -0.000000000000000000 ) ) ;
#665 = EDGE_CURVE ( 'NONE', #337, #1855, #1271, .T. ) ;
#666 = EDGE_LOOP ( 'NONE', ( #105, #920 ) ) ;
#667 = CIRCLE ( 'NONE', #1892, 1.500000000000001332 ) ;
#668 = ORIENTED_EDGE ( 'NONE', *, *, #1362, .T. ) ;
#669 = FACE_OUTER_BOUND ( 'NONE', #1498, .T. ) ;
#670 = LINE ( 'NONE', #40, #243 ) ;
#671 = CARTESIAN_POINT ( 'NONE',  ( 5.999999999999998224, 10.00000000000000000, 16.00000000000000000 ) ) ;
#672 = CARTESIAN_POINT ( 'NONE',  ( -7.100000000000002309, 10.00000000000000000, -15.99999999999999645 ) ) ;
#673 = ORIENTED_EDGE ( 'NONE', *, *, #898, .F. ) ;
#674 = CIRCLE ( 'NONE', #936, 1.100000000000000311 ) ;
#675 = EDGE_LOOP ( 'NONE', ( #1094, #701, #1953, #75 ) ) ;
#676 = DIRECTION ( 'NONE',  ( -1.000000000000000000, 0.000000000000000000, -0.000000000000000000 ) ) ;
#677 = CARTESIAN_POINT ( 'NONE',  ( 25.50000000000000000, 3.000000000000000000, -23.50000000000000000 ) ) ;
#678 = CARTESIAN_POINT ( 'NONE',  ( -6.000000000000001776, 10.00000000000000000, -14.27500000000000036 ) ) ;
#679 = CARTESIAN_POINT ( 'NONE',  ( 22.50000000000000355, 3.000000000000000000, -20.00000000000000000 ) ) ;
#680 = ORIENTED_EDGE ( 'NONE', *, *, #961, .F. ) ;
#681 = ORIENTED_EDGE ( 'NONE', *, *, #864, .F. ) ;
#682 = LOCAL_TIME ( 18, 18, 48.00000000000000000, #1112 ) ;
#683 = ADVANCED_FACE ( 'NONE', ( #893 ), #699, .F. ) ;
#684 = APPROVAL ( #1641, 'UNSPECIFIED' ) ;
#685 = CARTESIAN_POINT ( 'NONE',  ( 25.49999999999975131, 0.000000000000000000, -10.06891399745681426 ) ) ;
#686 = LINE ( 'NONE', #1293, #356 ) ;
#687 = FACE_OUTER_BOUND ( 'NONE', #881, .T. ) ;
#688 = CIRCLE ( 'NONE', #765, 3.499999999999996003 ) ;
#689 = LINE ( 'NONE', #1621, #30 ) ;
#690 = ORIENTED_EDGE ( 'NONE', *, *, #1466, .T. ) ;
#691 = FACE_OUTER_BOUND ( 'NONE', #1131, .T. ) ;
#692 = VERTEX_POINT ( 'NONE', #1042 ) ;
#693 = DIRECTION ( 'NONE',  ( -0.000000000000000000, -1.000000000000000000, -0.000000000000000000 ) ) ;
#694 = CARTESIAN_POINT ( 'NONE',  ( 28.77543530002267502, 3.000000000000000000, 18.76649945465543823 ) ) ;
#695 = CIRCLE ( 'NONE', #479, 3.499999999999999556 ) ;
#696 = CARTESIAN_POINT ( 'NONE',  ( -6.000000000000000000, 3.000000000000000000, -9.099999999999999645 ) ) ;
#697 = CARTESIAN_POINT ( 'NONE',  ( 6.000000000000000000, -8.000000000000000000, -6.899999999999999467 ) ) ;
#698 = VERTEX_POINT ( 'NONE', #540 ) ;
#699 = CYLINDRICAL_SURFACE ( 'NONE', #1570, 1.499999999999997780 ) ;
#700 = ORIENTED_EDGE ( 'NONE', *, *, #1146, .F. ) ;
#701 = ORIENTED_EDGE ( 'NONE', *, *, #1424, .T. ) ;
#702 = EDGE_CURVE ( 'NONE', #228, #1575, #1048, .T. ) ;
#703 = EDGE_CURVE ( 'NONE', #1824, #300, #688, .T. ) ;
#704 = CARTESIAN_POINT ( 'NONE',  ( 28.77543530002267502, 0.000000000000000000, -18.76649945465543823 ) ) ;
#705 = CARTESIAN_POINT ( 'NONE',  ( 0.000000000000000000, 3.000000000000000000, -14.27500000000000036 ) ) ;
#706 = CARTESIAN_POINT ( 'NONE',  ( 18.50000000000000355, 4.656854249492381470, -16.00000000000000000 ) ) ;
#707 = EDGE_LOOP ( 'NONE', ( #727, #476, #673, #44 ) ) ;
#708 = CARTESIAN_POINT ( 'NONE',  ( -15.56891399745681603, 3.000000000000000000, 20.00000000000000000 ) ) ;
#709 = DIRECTION ( 'NONE',  ( -0.000000000000000000, -1.000000000000000000, -0.000000000000000000 ) ) ;
#710 = CIRCLE ( 'NONE', #1261, 1.100000000000000311 ) ;
#711 = EDGE_LOOP ( 'NONE', ( #817, #436, #536, #559 ) ) ;
#712 = LOCAL_TIME ( 18, 18, 48.00000000000000000, #1774 ) ;
#713 = DIRECTION ( 'NONE',  ( 0.9358386571493456652, -0.000000000000000000, 0.3524287272412812699 ) ) ;
#714 = ADVANCED_FACE ( 'NONE', ( #872, #229, #691 ), #1769, .T. ) ;
#715 = VERTEX_POINT ( 'NONE', #561 ) ;
#716 = APPROVAL_DATE_TIME ( #93, #684 ) ;
#717 = CARTESIAN_POINT ( 'NONE',  ( -15.56891399745681603, 3.000000000000000000, 20.00000000000000000 ) ) ;
#718 = DIRECTION ( 'NONE',  ( -0.000000000000000000, -1.000000000000000000, -0.000000000000000000 ) ) ;
#719 = VERTEX_POINT ( 'NONE', #1186 ) ;
#720 = CARTESIAN_POINT ( 'NONE',  ( -25.50000000000000000, 3.000000000000000000, -21.50000000000000000 ) ) ;
#721 = CARTESIAN_POINT ( 'NONE',  ( -18.50000000000000000, 18.00000000000000000, 0.000000000000000000 ) ) ;
#722 = LINE ( 'NONE', #485, #1975 ) ;
#723 = VECTOR ( 'NONE', #59, 1000.000000000000227 ) ;
#724 = VERTEX_POINT ( 'NONE', #1781 ) ;
#725 = EDGE_CURVE ( 'NONE', #79, #715, #1495, .T. ) ;
#726 = DIRECTION ( 'NONE',  ( 0.000000000000000000, 1.000000000000000000, 0.000000000000000000 ) ) ;
#727 = ORIENTED_EDGE ( 'NONE', *, *, #499, .T. ) ;
#728 = COORDINATED_UNIVERSAL_TIME_OFFSET ( 0, 0, .AHEAD. ) ;
#729 = FACE_OUTER_BOUND ( 'NONE', #1233, .T. ) ;
#730 = ORIENTED_EDGE ( 'NONE', *, *, #1693, .F. ) ;
#731 = CARTESIAN_POINT ( 'NONE',  ( -28.77543530002271410, 3.000000000000000000, -18.76649945465551639 ) ) ;
#732 = CARTESIAN_POINT ( 'NONE',  ( -25.50000000000000000, 3.000000000000000000, -20.00000000000000000 ) ) ;
#733 = CARTESIAN_POINT ( 'NONE',  ( -22.50000000000000000, 6.999999999999999112, 0.000000000000000000 ) ) ;
#734 = VECTOR ( 'NONE', #791, 1000.000000000000000 ) ;
#735 = AXIS2_PLACEMENT_3D ( 'NONE', #1841, #1818, #443 ) ;
#736 = DIRECTION ( 'NONE',  ( -0.000000000000000000, 1.000000000000000000, -0.000000000000000000 ) ) ;
#737 = EDGE_LOOP ( 'NONE', ( #1616, #863, #1523, #460, #1822, #949, #367, #952, #1530, #64, #1553 ) ) ;
#738 = AXIS2_PLACEMENT_3D ( 'NONE', #1703, #326, #1862 ) ;
#739 = ORIENTED_EDGE ( 'NONE', *, *, #1207, .F. ) ;
#740 = APPLICATION_PROTOCOL_DEFINITION ( 'international standard', 'config_control_design', 1994, #1389 ) ;
#741 = DIRECTION ( 'NONE',  ( 0.000000000000000000, 1.000000000000000000, 0.000000000000000000 ) ) ;
#742 = PLANE ( 'NONE',  #1823 ) ;
#743 = CARTESIAN_POINT ( 'NONE',  ( 18.50000000000000000, 6.999999999999999112, 16.00000000000000000 ) ) ;
#744 = CYLINDRICAL_SURFACE ( 'NONE', #1702, 4.000000000000000000 ) ;
#745 = CARTESIAN_POINT ( 'NONE',  ( -25.50000000000000000, 0.000000000000000000, 20.00000000000000000 ) ) ;
#746 = VECTOR ( 'NONE', #1515, 1000.000000000000000 ) ;
#747 = VERTEX_POINT ( 'NONE', #1801 ) ;
#748 = ORIENTED_EDGE ( 'NONE', *, *, #1718, .T. ) ;
#749 = EDGE_CURVE ( 'NONE', #1012, #542, #1653, .T. ) ;
#750 = AXIS2_PLACEMENT_3D ( 'NONE', #47, #1904, #676 ) ;
#751 = CARTESIAN_POINT ( 'NONE',  ( 0.000000000000000000, 3.000000000000000000, 14.27500000000000036 ) ) ;
#752 = EDGE_CURVE ( 'NONE', #747, #1917, #408, .T. ) ;
#753 = FACE_BOUND ( 'NONE', #1785, .T. ) ;
#754 = DIRECTION ( 'NONE',  ( 1.000000000000000000, -0.000000000000000000, 0.000000000000000000 ) ) ;
#755 = CARTESIAN_POINT ( 'NONE',  ( -25.50000000000000000, 7.000000000000000000, -20.00000000000000000 ) ) ;
#756 = EDGE_LOOP ( 'NONE', ( #1900, #776, #1563, #267 ) ) ;
#757 = CARTESIAN_POINT ( 'NONE',  ( 4.899999999999998579, 10.00000000000000000, 16.00000000000000000 ) ) ;
#758 = EDGE_LOOP ( 'NONE', ( #497, #947 ) ) ;
#759 = DIRECTION ( 'NONE',  ( -0.000000000000000000, -1.000000000000000000, -0.000000000000000000 ) ) ;
#760 = CARTESIAN_POINT ( 'NONE',  ( 4.899999999999998579, 10.00000000000000000, 14.27500000000000036 ) ) ;
#761 = CARTESIAN_POINT ( 'NONE',  ( -15.56891399745681603, 0.000000000000000000, -20.00000000000000000 ) ) ;
#762 = CYLINDRICAL_SURFACE ( 'NONE', #825, 4.000000000000000000 ) ;
#763 = VERTEX_POINT ( 'NONE', #1506 ) ;
#764 = VECTOR ( 'NONE', #1860, 1000.000000000000000 ) ;
#765 = AXIS2_PLACEMENT_3D ( 'NONE', #1961, #549, #420 ) ;
#766 = ORIENTED_EDGE ( 'NONE', *, *, #1654, .T. ) ;
#767 = VECTOR ( 'NONE', #1931, 1000.000000000000000 ) ;
#768 = CARTESIAN_POINT ( 'NONE',  ( -25.49999999999975131, 3.000000000000000000, -10.06891399745681426 ) ) ;
#769 = EDGE_CURVE ( 'NONE', #788, #168, #1004, .T. ) ;
#770 = ORIENTED_EDGE ( 'NONE', *, *, #1019, .F. ) ;
#771 = DIRECTION ( 'NONE',  ( -1.000000000000000000, 0.000000000000000000, -0.000000000000000000 ) ) ;
#772 = CARTESIAN_POINT ( 'NONE',  ( 5.999999999999998224, 10.00000000000000000, 14.27500000000000036 ) ) ;
#773 = CARTESIAN_POINT ( 'NONE',  ( 18.50000000000000000, 18.00000000000000000, 0.000000000000000000 ) ) ;
#774 = DIRECTION ( 'NONE',  ( -0.000000000000000000, -1.000000000000000000, -0.000000000000000000 ) ) ;
#775 = EDGE_LOOP ( 'NONE', ( #208, #1939, #406, #852 ) ) ;
#776 = ORIENTED_EDGE ( 'NONE', *, *, #305, .T. ) ;
#777 = AXIS2_PLACEMENT_3D ( 'NONE', #1119, #1580, #1744 ) ;
#778 = ORIENTED_EDGE ( 'NONE', *, *, #230, .F. ) ;
#779 = FACE_OUTER_BOUND ( 'NONE', #939, .T. ) ;
#780 = EDGE_CURVE ( 'NONE', #1824, #261, #242, .T. ) ;
#781 = DIRECTION ( 'NONE',  ( 0.000000000000000000, 0.000000000000000000, -1.000000000000000000 ) ) ;
#782 = CARTESIAN_POINT ( 'NONE',  ( 6.000000000000000000, 3.000000000000000000, 6.900000000000000355 ) ) ;
#783 = ORIENTED_EDGE ( 'NONE', *, *, #641, .F. ) ;
#784 = CARTESIAN_POINT ( 'NONE',  ( 7.099999999999997868, 10.00000000000000000, 14.27500000000000036 ) ) ;
#785 = ORIENTED_EDGE ( 'NONE', *, *, #330, .F. ) ;
#786 = EDGE_CURVE ( 'NONE', #1099, #913, #1176, .T. ) ;
#787 = PRODUCT ( 'motor2drone', 'motor2drone', '', ( #1192 ) ) ;
#788 = VERTEX_POINT ( 'NONE', #1483 ) ;
#789 = VECTOR ( 'NONE', #1907, 1000.000000000000000 ) ;
#790 = FACE_BOUND ( 'NONE', #1842, .T. ) ;
#791 = DIRECTION ( 'NONE',  ( -0.000000000000000000, -1.000000000000000000, -0.000000000000000000 ) ) ;
#792 = DIRECTION ( 'NONE',  ( -0.9358386571493456652, -0.000000000000000000, -0.3524287272412812699 ) ) ;
#793 = VERTEX_POINT ( 'NONE', #1312 ) ;
#794 = CARTESIAN_POINT ( 'NONE',  ( 25.50000000000000000, 0.000000000000000000, -20.00000000000000000 ) ) ;
#795 = ADVANCED_FACE ( 'NONE', ( #584 ), #107, .F. ) ;
#796 = ADVANCED_FACE ( 'NONE', ( #430, #1197, #1324, #860, #839 ), #61, .T. ) ;
#797 = ORIENTED_EDGE ( 'NONE', *, *, #152, .T. ) ;
#798 = ORIENTED_EDGE ( 'NONE', *, *, #500, .T. ) ;
#799 = DIRECTION ( 'NONE',  ( 0.000000000000000000, 0.000000000000000000, 1.000000000000000000 ) ) ;
#800 = DIRECTION ( 'NONE',  ( 0.000000000000000000, 1.000000000000000000, 0.000000000000000000 ) ) ;
#801 = CARTESIAN_POINT ( 'NONE',  ( 25.50000000000000000, 3.000000000000000000, 20.00000000000000000 ) ) ;
#802 = ORIENTED_EDGE ( 'NONE', *, *, #1157, .F. ) ;
#803 = DIRECTION ( 'NONE',  ( 0.000000000000000000, 1.000000000000000000, 0.000000000000000000 ) ) ;
#804 = ADVANCED_FACE ( 'NONE', ( #253 ), #98, .F. ) ;
#805 = EDGE_LOOP ( 'NONE', ( #798, #1437, #248, #1676 ) ) ;
#806 = EDGE_CURVE ( 'NONE', #1033, #1242, #570, .T. ) ;
#807 = VERTEX_POINT ( 'NONE', #1728 ) ;
#808 = CARTESIAN_POINT ( 'NONE',  ( -17.02499999999999858, 18.00000000000000000, 14.27500000000000036 ) ) ;
#809 = VECTOR ( 'NONE', #944, 1000.000000000000000 ) ;
#810 = CYLINDRICAL_SURFACE ( 'NONE', #908, 1.100000000000000311 ) ;
#811 = DIRECTION ( 'NONE',  ( -0.000000000000000000, -0.000000000000000000, 1.000000000000000000 ) ) ;
#812 = LINE ( 'NONE', #35, #1231 ) ;
#813 = ADVANCED_FACE ( 'NONE', ( #669 ), #527, .F. ) ;
#814 = VECTOR ( 'NONE', #212, 1000.000000000000000 ) ;
#815 = APPROVAL_ROLE ( '' ) ;
#816 = VERTEX_POINT ( 'NONE', #1427 ) ;
#817 = ORIENTED_EDGE ( 'NONE', *, *, #780, .F. ) ;
#818 = CARTESIAN_POINT ( 'NONE',  ( -25.50000000000000000, 3.000000000000000000, -20.00000000000000000 ) ) ;
#819 = DIRECTION ( 'NONE',  ( -0.000000000000000000, -0.000000000000000000, -1.000000000000000000 ) ) ;
#820 = DIRECTION ( 'NONE',  ( -1.000000000000000000, 0.000000000000000000, 0.000000000000000000 ) ) ;
#821 = DIRECTION ( 'NONE',  ( -0.000000000000000000, 1.000000000000000000, -0.000000000000000000 ) ) ;
#822 = EDGE_LOOP ( 'NONE', ( #739, #1085, #1542, #668 ) ) ;
#823 = VECTOR ( 'NONE', #593, 1000.000000000000000 ) ;
#824 = ORIENTED_EDGE ( 'NONE', *, *, #1019, .T. ) ;
#825 = AXIS2_PLACEMENT_3D ( 'NONE', #755, #308, #1049 ) ;
#826 = LINE ( 'NONE', #343, #1122 ) ;
#827 = DIRECTION ( 'NONE',  ( -0.000000000000000000, -1.000000000000000000, -0.000000000000000000 ) ) ;
#828 = CYLINDRICAL_SURFACE ( 'NONE', #1287, 1.100000000000000311 ) ;
#829 = CARTESIAN_POINT ( 'NONE',  ( -25.50000000000000000, 3.000000000000000000, -20.00000000000000000 ) ) ;
#830 = VECTOR ( 'NONE', #1872, 1000.000000000000000 ) ;
#831 = ORIENTED_EDGE ( 'NONE', *, *, #349, .F. ) ;
#832 = EDGE_CURVE ( 'NONE', #1411, #1385, #1734, .T. ) ;
#833 = PRODUCT_DEFINITION ( 'UNKNOWN', '', #297, #1005 ) ;
#834 = ORIENTED_EDGE ( 'NONE', *, *, #62, .F. ) ;
#835 = LINE ( 'NONE', #1297, #224 ) ;
#836 = DIRECTION ( 'NONE',  ( 0.000000000000000000, 0.000000000000000000, -1.000000000000000000 ) ) ;
#837 = DIRECTION ( 'NONE',  ( -0.000000000000000000, 1.000000000000000000, -0.000000000000000000 ) ) ;
#838 = CARTESIAN_POINT ( 'NONE',  ( -6.000000000000000000, 3.000000000000000000, 6.899999999999999467 ) ) ;
#839 = FACE_OUTER_BOUND ( 'NONE', #96, .T. ) ;
#840 = ORIENTED_EDGE ( 'NONE', *, *, #54, .F. ) ;
#841 = FACE_BOUND ( 'NONE', #151, .T. ) ;
#842 = EDGE_CURVE ( 'NONE', #359, #1167, #1888, .T. ) ;
#843 = CARTESIAN_POINT ( 'NONE',  ( -6.000000000000001776, 10.00000000000000000, 25.72500000000000142 ) ) ;
#844 = LINE ( 'NONE', #705, #767 ) ;
#845 = VECTOR ( 'NONE', #754, 1000.000000000000000 ) ;
#846 = DIRECTION ( 'NONE',  ( 0.3524287272413042515, -0.000000000000000000, -0.9358386571493370054 ) ) ;
#847 = VERTEX_POINT ( 'NONE', #1148 ) ;
#848 = DIRECTION ( 'NONE',  ( 0.000000000000000000, 0.000000000000000000, -1.000000000000000000 ) ) ;
#849 = EDGE_CURVE ( 'NONE', #1236, #659, #1910, .T. ) ;
#850 = EDGE_CURVE ( 'NONE', #1452, #644, #510, .T. ) ;
#851 = ORIENTED_EDGE ( 'NONE', *, *, #1819, .F. ) ;
#852 = ORIENTED_EDGE ( 'NONE', *, *, #806, .T. ) ;
#853 = CARTESIAN_POINT ( 'NONE',  ( -20.15685424949237614, 3.000000000000000888, -17.65685424949237969 ) ) ;
#854 = ORIENTED_EDGE ( 'NONE', *, *, #1087, .T. ) ;
#855 = AXIS2_PLACEMENT_3D ( 'NONE', #772, #1378, #614 ) ;
#856 = PLANE ( 'NONE',  #1383 ) ;
#857 = CARTESIAN_POINT ( 'NONE',  ( -6.000000000000001776, 10.00000000000000000, -14.27500000000000036 ) ) ;
#858 = ORIENTED_EDGE ( 'NONE', *, *, #1884, .F. ) ;
#859 = DIRECTION ( 'NONE',  ( -0.000000000000000000, -1.000000000000000000, -0.000000000000000000 ) ) ;
#860 = FACE_BOUND ( 'NONE', #970, .T. ) ;
#861 = ORIENTED_EDGE ( 'NONE', *, *, #280, .T. ) ;
#862 = EDGE_CURVE ( 'NONE', #251, #1200, #826, .T. ) ;
#863 = ORIENTED_EDGE ( 'NONE', *, *, #348, .T. ) ;
#864 = EDGE_CURVE ( 'NONE', #228, #807, #378, .T. ) ;
#865 = DIRECTION ( 'NONE',  ( -0.3524287272413042515, 0.000000000000000000, -0.9358386571493370054 ) ) ;
#866 = VERTEX_POINT ( 'NONE', #520 ) ;
#867 = CALENDAR_DATE ( 2025, 8, 9 ) ;
#868 = DIRECTION ( 'NONE',  ( 0.000000000000000000, 0.000000000000000000, 1.000000000000000000 ) ) ;
#869 = CARTESIAN_POINT ( 'NONE',  ( -17.02499999999999858, 3.000000000000000000, 14.27500000000000036 ) ) ;
#870 = ORIENTED_EDGE ( 'NONE', *, *, #1193, .T. ) ;
#871 = DIRECTION ( 'NONE',  ( 0.000000000000000000, 1.000000000000000000, 0.000000000000000000 ) ) ;
#872 = FACE_BOUND ( 'NONE', #292, .T. ) ;
#873 = ADVANCED_FACE ( 'NONE', ( #1291 ), #1594, .F. ) ;
#874 = CIRCLE ( 'NONE', #1617, 1.099999999999999423 ) ;
#875 = CYLINDRICAL_SURFACE ( 'NONE', #1815, 1.099999999999999423 ) ;
#876 = EDGE_LOOP ( 'NONE', ( #589, #470 ) ) ;
#877 = LINE ( 'NONE', #1179, #1364 ) ;
#878 = ORIENTED_EDGE ( 'NONE', *, *, #130, .T. ) ;
#879 = PERSON_AND_ORGANIZATION ( #591, #1237 ) ;
#880 = LINE ( 'NONE', #751, #809 ) ;
#881 = EDGE_LOOP ( 'NONE', ( #1933, #1246, #2000, #934 ) ) ;
#882 = DIRECTION ( 'NONE',  ( -1.000000000000000000, 0.000000000000000000, 0.000000000000000000 ) ) ;
#883 = DIRECTION ( 'NONE',  ( 0.000000000000000000, -0.000000000000000000, -1.000000000000000000 ) ) ;
#884 = CARTESIAN_POINT ( 'NONE',  ( -17.02499999999999858, 18.00000000000000000, -14.27500000000000036 ) ) ;
#885 = CARTESIAN_POINT ( 'NONE',  ( 5.999999999999998224, 10.00000000000000000, 25.72500000000000142 ) ) ;
#886 = CIRCLE ( 'NONE', #1661, 1.099999999999999423 ) ;
#887 = ORIENTED_EDGE ( 'NONE', *, *, #265, .F. ) ;
#888 = ORIENTED_EDGE ( 'NONE', *, *, #1519, .F. ) ;
#889 = VERTEX_POINT ( 'NONE', #1132 ) ;
#890 = DIRECTION ( 'NONE',  ( -1.000000000000000000, 0.000000000000000000, 0.000000000000000000 ) ) ;
#891 = CARTESIAN_POINT ( 'NONE',  ( -25.50000000000000000, 3.000000000000000000, 20.00000000000000000 ) ) ;
#892 = LINE ( 'NONE', #1968, #823 ) ;
#893 = FACE_OUTER_BOUND ( 'NONE', #599, .T. ) ;
#894 = CARTESIAN_POINT ( 'NONE',  ( -28.77543530002271410, 0.000000000000000000, -18.76649945465551639 ) ) ;
#895 = AXIS2_PLACEMENT_3D ( 'NONE', #945, #325, #781 ) ;
#896 = AXIS2_PLACEMENT_3D ( 'NONE', #1348, #1970, #1990 ) ;
#897 = CARTESIAN_POINT ( 'NONE',  ( -6.000000000000000000, 3.000000000000000000, 8.000000000000000000 ) ) ;
#898 = EDGE_CURVE ( 'NONE', #19, #698, #352, .T. ) ;
#899 = EDGE_CURVE ( 'NONE', #1667, #1371, #495, .T. ) ;
#900 = ORIENTED_EDGE ( 'NONE', *, *, #1869, .T. ) ;
#901 = CIRCLE ( 'NONE', #1188, 1.100000000000000311 ) ;
#902 = CC_DESIGN_PERSON_AND_ORGANIZATION_ASSIGNMENT ( #403, #1629, ( #787 ) ) ;
#903 = ORIENTED_EDGE ( 'NONE', *, *, #519, .T. ) ;
#904 = CARTESIAN_POINT ( 'NONE',  ( 15.56891399745681603, 0.000000000000000000, -20.00000000000000000 ) ) ;
#905 = DIRECTION ( 'NONE',  ( -0.000000000000000000, -0.000000000000000000, 1.000000000000000000 ) ) ;
#906 = CARTESIAN_POINT ( 'NONE',  ( -6.000000000000000000, -8.000000000000000000, -8.000000000000000000 ) ) ;
#907 = LINE ( 'NONE', #1520, #1459 ) ;
#908 = AXIS2_PLACEMENT_3D ( 'NONE', #1275, #580, #890 ) ;
#909 = VECTOR ( 'NONE', #1259, 1000.000000000000000 ) ;
#910 = EDGE_LOOP ( 'NONE', ( #1016, #1279, #597, #887 ) ) ;
#911 = FACE_BOUND ( 'NONE', #424, .T. ) ;
#912 =( BOUNDED_CURVE ( )  B_SPLINE_CURVE ( 3, ( #1008, #235, #853, #78 ),
 .UNSPECIFIED., .F., .F. ) 
 B_SPLINE_CURVE_WITH_KNOTS ( ( 4, 4 ),
 ( 3.141592653589793116, 4.712388980384689674 ),
 .UNSPECIFIED. ) 
 CURVE ( )  GEOMETRIC_REPRESENTATION_ITEM ( )  RATIONAL_B_SPLINE_CURVE ( ( 1.000000000000000000, 0.8047378541243649375, 0.8047378541243649375, 1.000000000000000000 ) ) 
 REPRESENTATION_ITEM ( '' )  );
#913 = VERTEX_POINT ( 'NONE', #1438 ) ;
#914 = VECTOR ( 'NONE', #713, 1000.000000000000114 ) ;
#915 = DIRECTION ( 'NONE',  ( 0.000000000000000000, 0.000000000000000000, 1.000000000000000000 ) ) ;
#916 = FACE_OUTER_BOUND ( 'NONE', #612, .T. ) ;
#917 = CARTESIAN_POINT ( 'NONE',  ( 28.77543530002267502, 3.000000000000000000, 18.76649945465543823 ) ) ;
#918 = LINE ( 'NONE', #1089, #1608 ) ;
#919 = EDGE_CURVE ( 'NONE', #31, #1189, #39, .T. ) ;
#920 = ORIENTED_EDGE ( 'NONE', *, *, #1819, .T. ) ;
#921 = CARTESIAN_POINT ( 'NONE',  ( 15.56891399745681603, 3.000000000000000000, 20.00000000000000000 ) ) ;
#922 = ORIENTED_EDGE ( 'NONE', *, *, #1635, .T. ) ;
#923 = CARTESIAN_POINT ( 'NONE',  ( -20.15685424949237614, 2.999999999999998668, 17.65685424949237969 ) ) ;
#924 = DIRECTION ( 'NONE',  ( 0.000000000000000000, 0.000000000000000000, 1.000000000000000000 ) ) ;
#925 = CARTESIAN_POINT ( 'NONE',  ( 6.000000000000000000, 3.000000000000000000, 9.099999999999999645 ) ) ;
#926 = CARTESIAN_POINT ( 'NONE',  ( 25.50000000000000000, 0.000000000000000000, -20.00000000000000000 ) ) ;
#927 = ORIENTED_EDGE ( 'NONE', *, *, #1405, .F. ) ;
#928 = VECTOR ( 'NONE', #1789, 1000.000000000000000 ) ;
#929 = APPROVAL_DATE_TIME ( #1513, #541 ) ;
#930 = EDGE_LOOP ( 'NONE', ( #1607, #1657, #1924, #1834 ) ) ;
#931 = EDGE_CURVE ( 'NONE', #1522, #1165, #1624, .T. ) ;
#932 = PLANE ( 'NONE',  #986 ) ;
#933 = EDGE_LOOP ( 'NONE', ( #618, #1656, #548, #291 ) ) ;
#934 = ORIENTED_EDGE ( 'NONE', *, *, #423, .T. ) ;
#935 = PLANE ( 'NONE',  #1929 ) ;
#936 = AXIS2_PLACEMENT_3D ( 'NONE', #678, #1134, #1026 ) ;
#937 = CYLINDRICAL_SURFACE ( 'NONE', #1733, 1.500000000000001332 ) ;
#938 = DIRECTION ( 'NONE',  ( 0.9358386571493456652, 0.000000000000000000, -0.3524287272412812699 ) ) ;
#939 = EDGE_LOOP ( 'NONE', ( #1993, #455, #1847, #1753 ) ) ;
#940 = DIRECTION ( 'NONE',  ( 0.000000000000000000, 1.000000000000000000, 0.000000000000000000 ) ) ;
#941 = ADVANCED_FACE ( 'NONE', ( #361, #979, #1602 ), #202, .F. ) ;
#942 = VERTEX_POINT ( 'NONE', #1138 ) ;
#943 = ORIENTED_EDGE ( 'NONE', *, *, #960, .T. ) ;
#944 = DIRECTION ( 'NONE',  ( 1.000000000000000000, -0.000000000000000000, 0.000000000000000000 ) ) ;
#945 = CARTESIAN_POINT ( 'NONE',  ( 17.02499999999999858, 18.00000000000000000, 0.000000000000000000 ) ) ;
#946 = CARTESIAN_POINT ( 'NONE',  ( -6.000000000000001776, 10.00000000000000000, -15.99999999999999645 ) ) ;
#947 = ORIENTED_EDGE ( 'NONE', *, *, #277, .F. ) ;
#948 = LINE ( 'NONE', #477, #524 ) ;
#949 = ORIENTED_EDGE ( 'NONE', *, *, #1285, .T. ) ;
#950 = AXIS2_PLACEMENT_3D ( 'NONE', #926, #1547, #475 ) ;
#951 = CIRCLE ( 'NONE', #437, 1.100000000000000311 ) ;
#952 = ORIENTED_EDGE ( 'NONE', *, *, #1826, .T. ) ;
#953 = DIRECTION ( 'NONE',  ( -0.000000000000000000, -1.000000000000000000, -0.000000000000000000 ) ) ;
#954 = CARTESIAN_POINT ( 'NONE',  ( 24.26649945465551639, 0.000000000000000000, -23.27543530002270700 ) ) ;
#955 = ORIENTED_EDGE ( 'NONE', *, *, #999, .F. ) ;
#956 = DIRECTION ( 'NONE',  ( -0.000000000000000000, -1.000000000000000000, -0.000000000000000000 ) ) ;
#957 = VECTOR ( 'NONE', #1988, 1000.000000000000114 ) ;
#958 = EDGE_LOOP ( 'NONE', ( #1799, #748, #518, #1770 ) ) ;
#959 = VECTOR ( 'NONE', #1808, 1000.000000000000000 ) ;
#960 = EDGE_CURVE ( 'NONE', #1099, #233, #369, .T. ) ;
#961 = EDGE_CURVE ( 'NONE', #1082, #552, #835, .T. ) ;
#962 = ORIENTED_EDGE ( 'NONE', *, *, #1423, .T. ) ;
#963 = CARTESIAN_POINT ( 'NONE',  ( -24.26649945465551639, 3.000000000000000000, 23.27543530002270700 ) ) ;
#964 = FACE_OUTER_BOUND ( 'NONE', #756, .T. ) ;
#965 = DIRECTION ( 'NONE',  ( 0.3524287272413043071, 0.000000000000000000, -0.9358386571493370054 ) ) ;
#966 = DIRECTION ( 'NONE',  ( -0.000000000000000000, -0.000000000000000000, 1.000000000000000000 ) ) ;
#967 = APPROVAL_DATE_TIME ( #1433, #1260 ) ;
#968 = VERTEX_POINT ( 'NONE', #685 ) ;
#969 = VECTOR ( 'NONE', #1448, 1000.000000000000114 ) ;
#970 = EDGE_LOOP ( 'NONE', ( #1727, #1305 ) ) ;
#971 = DIRECTION ( 'NONE',  ( -0.000000000000000000, -1.000000000000000000, -0.000000000000000000 ) ) ;
#972 = CIRCLE ( 'NONE', #1998, 1.100000000000000311 ) ;
#973 = DIRECTION ( 'NONE',  ( 0.000000000000000000, 1.000000000000000000, 0.000000000000000000 ) ) ;
#974 = CARTESIAN_POINT ( 'NONE',  ( -25.50000000000000000, 3.000000000000000000, -20.00000000000000000 ) ) ;
#975 = LINE ( 'NONE', #338, #1840 ) ;
#976 = ORIENTED_EDGE ( 'NONE', *, *, #842, .T. ) ;
#977 = ADVANCED_FACE ( 'NONE', ( #532, #257, #1942, #1020, #388, #1795, #841, #401, #1930 ), #1618, .F. ) ;
#978 = ORIENTED_EDGE ( 'NONE', *, *, #1730, .T. ) ;
#979 = FACE_BOUND ( 'NONE', #562, .T. ) ;
#980 = DIRECTION ( 'NONE',  ( 0.000000000000000000, 1.000000000000000000, 0.000000000000000000 ) ) ;
#981 = VECTOR ( 'NONE', #405, 1000.000000000000000 ) ;
#982 = FACE_OUTER_BOUND ( 'NONE', #1845, .T. ) ;
#983 = CARTESIAN_POINT ( 'NONE',  ( -25.50000000000000000, 0.000000000000000000, -20.00000000000000000 ) ) ;
#984 = ORIENTED_EDGE ( 'NONE', *, *, #1169, .F. ) ;
#985 = CIRCLE ( 'NONE', #508, 1.099999999999999423 ) ;
#986 = AXIS2_PLACEMENT_3D ( 'NONE', #1992, #1833, #288 ) ;
#987 = CARTESIAN_POINT ( 'NONE',  ( 17.02499999999999858, 18.00000000000000000, 0.000000000000000000 ) ) ;
#988 = CARTESIAN_POINT ( 'NONE',  ( 25.49999999999975131, 3.000000000000000000, -10.06891399745681426 ) ) ;
#989 = CARTESIAN_POINT ( 'NONE',  ( 17.02499999999999858, 18.00000000000000000, 14.27500000000000036 ) ) ;
#990 = DIRECTION ( 'NONE',  ( 0.000000000000000000, 1.000000000000000000, 0.000000000000000000 ) ) ;
#991 = AXIS2_PLACEMENT_3D ( 'NONE', #974, #1105, #318 ) ;
#992 = EDGE_CURVE ( 'NONE', #1667, #525, #91, .T. ) ;
#993 = ORIENTED_EDGE ( 'NONE', *, *, #209, .T. ) ;
#994 = ORIENTED_EDGE ( 'NONE', *, *, #1560, .T. ) ;
#995 = EDGE_CURVE ( 'NONE', #1326, #847, #564, .T. ) ;
#996 = LINE ( 'NONE', #1327, #1106 ) ;
#997 = CARTESIAN_POINT ( 'NONE',  ( 25.50000000000000000, 3.000000000000000000, -21.50000000000000000 ) ) ;
#998 = EDGE_CURVE ( 'NONE', #724, #788, #298, .T. ) ;
#999 = EDGE_CURVE ( 'NONE', #1411, #629, #554, .T. ) ;
#1000 = CARTESIAN_POINT ( 'NONE',  ( 6.000000000000000000, -8.000000000000000000, -8.000000000000000000 ) ) ;
#1001 = CIRCLE ( 'NONE', #425, 1.500000000000001332 ) ;
#1002 = CARTESIAN_POINT ( 'NONE',  ( -4.900000000000001243, 10.00000000000000000, -14.27500000000000036 ) ) ;
#1003 = ORIENTED_EDGE ( 'NONE', *, *, #899, .F. ) ;
#1004 = LINE ( 'NONE', #1623, #344 ) ;
#1005 = DESIGN_CONTEXT ( 'detailed design', #1865, 'design' ) ;
#1006 = ORIENTED_EDGE ( 'NONE', *, *, #1858, .F. ) ;
#1007 = AXIS2_PLACEMENT_3D ( 'NONE', #1879, #1755, #1748 ) ;
#1008 = CARTESIAN_POINT ( 'NONE',  ( -18.50000000000000000, 6.999999999999999112, -16.00000000000000000 ) ) ;
#1009 = ORIENTED_EDGE ( 'NONE', *, *, #56, .T. ) ;
#1010 = DIRECTION ( 'NONE',  ( -0.9358386571493457762, 0.000000000000000000, -0.3524287272412813254 ) ) ;
#1011 = CARTESIAN_POINT ( 'NONE',  ( 25.50000000000000000, 3.000000000000000000, -20.00000000000000000 ) ) ;
#1012 = VERTEX_POINT ( 'NONE', #578 ) ;
#1013 = DIRECTION ( 'NONE',  ( 0.000000000000000000, 0.000000000000000000, 1.000000000000000000 ) ) ;
#1014 = DIRECTION ( 'NONE',  ( 0.000000000000000000, 0.000000000000000000, -1.000000000000000000 ) ) ;
#1015 = AXIS2_PLACEMENT_3D ( 'NONE', #897, #1971, #1647 ) ;
#1016 = ORIENTED_EDGE ( 'NONE', *, *, #898, .T. ) ;
#1017 = EDGE_CURVE ( 'NONE', #1270, #1325, #1627, .T. ) ;
#1018 = ORIENTED_EDGE ( 'NONE', *, *, #1614, .F. ) ;
#1019 = EDGE_CURVE ( 'NONE', #724, #309, #996, .T. ) ;
#1020 = FACE_BOUND ( 'NONE', #1658, .T. ) ;
#1021 = ADVANCED_BREP_SHAPE_REPRESENTATION ( 'motor2drone', ( #1831, #1564 ), #428 ) ;
#1022 = ORIENTED_EDGE ( 'NONE', *, *, #111, .T. ) ;
#1023 = APPLICATION_PROTOCOL_DEFINITION ( 'international standard', 'config_control_design', 1994, #1865 ) ;
#1024 = EDGE_CURVE ( 'NONE', #715, #1667, #877, .T. ) ;
#1025 = CIRCLE ( 'NONE', #1443, 1.100000000000001199 ) ;
#1026 = DIRECTION ( 'NONE',  ( -1.000000000000000000, 0.000000000000000000, 0.000000000000000000 ) ) ;
#1027 = VECTOR ( 'NONE', #1763, 1000.000000000000000 ) ;
#1028 = DIRECTION ( 'NONE',  ( -0.000000000000000000, -0.000000000000000000, 1.000000000000000000 ) ) ;
#1029 = ORIENTED_EDGE ( 'NONE', *, *, #1858, .T. ) ;
#1030 = DIRECTION ( 'NONE',  ( -0.000000000000000000, -0.000000000000000000, 1.000000000000000000 ) ) ;
#1031 = CARTESIAN_POINT ( 'NONE',  ( -25.50000000000000000, 3.000000000000000000, 20.00000000000000000 ) ) ;
#1032 = VECTOR ( 'NONE', #1449, 1000.000000000000000 ) ;
#1033 = VERTEX_POINT ( 'NONE', #1649 ) ;
#1034 = ORIENTED_EDGE ( 'NONE', *, *, #992, .T. ) ;
#1035 = AXIS2_PLACEMENT_3D ( 'NONE', #1430, #1440, #41 ) ;
#1036 = CARTESIAN_POINT ( 'NONE',  ( -6.000000000000001776, 10.00000000000000000, 16.00000000000000000 ) ) ;
#1037 = DIRECTION ( 'NONE',  ( -1.000000000000000000, 0.000000000000000000, 0.000000000000000000 ) ) ;
#1038 = FACE_BOUND ( 'NONE', #1991, .T. ) ;
#1039 = DIRECTION ( 'NONE',  ( 0.000000000000000000, 0.000000000000000000, -1.000000000000000000 ) ) ;
#1040 = ORIENTED_EDGE ( 'NONE', *, *, #556, .F. ) ;
#1041 = DIRECTION ( 'NONE',  ( -1.000000000000000000, 0.000000000000000000, 0.000000000000000000 ) ) ;
#1042 = CARTESIAN_POINT ( 'NONE',  ( 25.50000000000000000, 3.000000000000000000, 21.50000000000000000 ) ) ;
#1043 = CARTESIAN_POINT ( 'NONE',  ( 6.000000000000000000, 0.000000000000000000, 8.000000000000000000 ) ) ;
#1044 = VERTEX_POINT ( 'NONE', #1487 ) ;
#1045 = EDGE_LOOP ( 'NONE', ( #1397, #6 ) ) ;
#1046 = DIRECTION ( 'NONE',  ( 0.000000000000000000, 0.000000000000000000, 1.000000000000000000 ) ) ;
#1047 = DIRECTION ( 'NONE',  ( 1.000000000000000000, 0.000000000000000000, 0.000000000000000000 ) ) ;
#1048 = LINE ( 'NONE', #1153, #435 ) ;
#1049 = DIRECTION ( 'NONE',  ( 0.000000000000000000, 0.000000000000000000, 1.000000000000000000 ) ) ;
#1050 = EDGE_CURVE ( 'NONE', #399, #1484, #1499, .T. ) ;
#1051 = DIRECTION ( 'NONE',  ( 0.000000000000000000, 1.000000000000000000, 0.000000000000000000 ) ) ;
#1052 = CLOSED_SHELL ( 'NONE', ( #38, #1316, #237, #538, #1982, #76, #1211, #1592, #795, #87, #1510, #683, #1406, #129, #714, #1581, #977, #358, #131, #1598, #173, #53, #1382, #214, #299, #1313, #645, #1573, #1164, #1966, #1372, #1636, #1759, #1330, #813, #1760, #1255, #365, #1716, #1375, #571, #410, #804, #941, #329, #1708, #796, #25, #496, #1938, #1983, #625, #588, #873, #482, #1995, #433, #395, #438 ) ) ;
#1053 = VECTOR ( 'NONE', #51, 1000.000000000000000 ) ;
#1054 = EDGE_LOOP ( 'NONE', ( #1006, #1713, #311, #1972 ) ) ;
#1055 = ORIENTED_EDGE ( 'NONE', *, *, #702, .T. ) ;
#1056 = LINE ( 'NONE', #1376, #1244 ) ;
#1057 = CARTESIAN_POINT ( 'NONE',  ( 15.56891399745681603, 3.000000000000000000, -20.00000000000000000 ) ) ;
#1058 = PLANE ( 'NONE',  #1368 ) ;
#1059 = DIRECTION ( 'NONE',  ( -0.000000000000000000, 1.000000000000000000, -0.000000000000000000 ) ) ;
#1060 = EDGE_LOOP ( 'NONE', ( #1726, #135, #1550, #15 ) ) ;
#1061 = EDGE_LOOP ( 'NONE', ( #1918, #1341, #1415, #1365 ) ) ;
#1062 = ORIENTED_EDGE ( 'NONE', *, *, #1361, .F. ) ;
#1063 = CARTESIAN_POINT ( 'NONE',  ( -25.50000000000000000, 0.000000000000000000, 21.50000000000000000 ) ) ;
#1064 = CARTESIAN_POINT ( 'NONE',  ( 18.50000000000000000, 18.00000000000000000, -16.00000000000000000 ) ) ;
#1065 = CYLINDRICAL_SURFACE ( 'NONE', #596, 1.100000000000001199 ) ;
#1066 = EDGE_CURVE ( 'NONE', #1414, #1121, #1307, .T. ) ;
#1067 = EDGE_CURVE ( 'NONE', #698, #79, #912, .T. ) ;
#1068 = EDGE_CURVE ( 'NONE', #968, #1152, #1773, .T. ) ;
#1069 = DIRECTION ( 'NONE',  ( -0.000000000000000000, -1.000000000000000000, -0.000000000000000000 ) ) ;
#1070 = CIRCLE ( 'NONE', #290, 3.499999999999996003 ) ;
#1071 = ORIENTED_EDGE ( 'NONE', *, *, #1355, .T. ) ;
#1072 = DIRECTION ( 'NONE',  ( 1.000000000000000000, -0.000000000000000000, 0.000000000000000000 ) ) ;
#1073 = ORIENTED_EDGE ( 'NONE', *, *, #1675, .T. ) ;
#1074 = VERTEX_POINT ( 'NONE', #1758 ) ;
#1075 = AXIS2_PLACEMENT_3D ( 'NONE', #818, #55, #799 ) ;
#1076 = FACE_OUTER_BOUND ( 'NONE', #805, .T. ) ;
#1077 = DIRECTION ( 'NONE',  ( 0.000000000000000000, 1.000000000000000000, -0.000000000000000000 ) ) ;
#1078 = LINE ( 'NONE', #917, #1812 ) ;
#1079 = DIRECTION ( 'NONE',  ( 0.000000000000000000, 1.000000000000000000, 0.000000000000000000 ) ) ;
#1080 = EDGE_LOOP ( 'NONE', ( #26, #140, #1768, #340, #1178, #1895, #480, #1572, #1191, #598, #1873, #181, #1504, #840, #1851, #445, #1272, #323 ) ) ;
#1081 = EDGE_CURVE ( 'NONE', #1426, #31, #1268, .T. ) ;
#1082 = VERTEX_POINT ( 'NONE', #679 ) ;
#1083 = FACE_OUTER_BOUND ( 'NONE', #1446, .T. ) ;
#1084 = ORIENTED_EDGE ( 'NONE', *, *, #662, .T. ) ;
#1085 = ORIENTED_EDGE ( 'NONE', *, *, #1224, .F. ) ;
#1086 = LINE ( 'NONE', #481, #1902 ) ;
#1087 = EDGE_CURVE ( 'NONE', #517, #1099, #689, .T. ) ;
#1088 = CARTESIAN_POINT ( 'NONE',  ( -28.77543530002271410, 0.000000000000000000, -18.76649945465551639 ) ) ;
#1089 = CARTESIAN_POINT ( 'NONE',  ( -25.50000000000000000, 3.000000000000000000, -23.50000000000000000 ) ) ;
#1090 = ORIENTED_EDGE ( 'NONE', *, *, #1110, .F. ) ;
#1091 = CYLINDRICAL_SURFACE ( 'NONE', #90, 3.499999999999996003 ) ;
#1092 = VECTOR ( 'NONE', #774, 1000.000000000000000 ) ;
#1093 = ORIENTED_EDGE ( 'NONE', *, *, #1559, .T. ) ;
#1094 = ORIENTED_EDGE ( 'NONE', *, *, #1193, .F. ) ;
#1095 = CIRCLE ( 'NONE', #1866, 1.100000000000001199 ) ;
#1096 = CARTESIAN_POINT ( 'NONE',  ( 24.26649945465551639, 3.000000000000000000, -23.27543530002270700 ) ) ;
#1097 = CARTESIAN_POINT ( 'NONE',  ( -6.000000000000000000, 0.000000000000000000, -8.000000000000000000 ) ) ;
#1098 = CARTESIAN_POINT ( 'NONE',  ( -24.26649945465551639, 0.000000000000000000, -23.27543530002270700 ) ) ;
#1099 = VERTEX_POINT ( 'NONE', #218 ) ;
#1100 = DIRECTION ( 'NONE',  ( 0.000000000000000000, 1.000000000000000000, 0.000000000000000000 ) ) ;
#1101 = VERTEX_POINT ( 'NONE', #1480 ) ;
#1102 = VECTOR ( 'NONE', #7, 1000.000000000000000 ) ;
#1103 = ORIENTED_EDGE ( 'NONE', *, *, #1559, .F. ) ;
#1104 = DIRECTION ( 'NONE',  ( 0.000000000000000000, 0.000000000000000000, 1.000000000000000000 ) ) ;
#1105 = DIRECTION ( 'NONE',  ( -0.000000000000000000, -1.000000000000000000, -0.000000000000000000 ) ) ;
#1106 = VECTOR ( 'NONE', #1784, 1000.000000000000000 ) ;
#1107 = ORIENTED_EDGE ( 'NONE', *, *, #1500, .T. ) ;
#1108 = CARTESIAN_POINT ( 'NONE',  ( -6.000000000000000000, 0.000000000000000000, 8.000000000000000000 ) ) ;
#1109 = EDGE_CURVE ( 'NONE', #698, #1167, #1643, .T. ) ;
#1110 = EDGE_CURVE ( 'NONE', #232, #1212, #555, .T. ) ;
#1111 = EDGE_CURVE ( 'NONE', #300, #164, #1161, .T. ) ;
#1112 = COORDINATED_UNIVERSAL_TIME_OFFSET ( 0, 0, .AHEAD. ) ;
#1113 = ORIENTED_EDGE ( 'NONE', *, *, #499, .F. ) ;
#1114 = AXIS2_PLACEMENT_3D ( 'NONE', #463, #295, #126 ) ;
#1115 = ORIENTED_EDGE ( 'NONE', *, *, #1486, .T. ) ;
#1116 = DIRECTION ( 'NONE',  ( 0.000000000000000000, 0.000000000000000000, -1.000000000000000000 ) ) ;
#1117 = CARTESIAN_POINT ( 'NONE',  ( 25.50000000000000000, 3.000000000000000000, 21.50000000000000000 ) ) ;
#1118 = CYLINDRICAL_SURFACE ( 'NONE', #1611, 1.500000000000001332 ) ;
#1119 = CARTESIAN_POINT ( 'NONE',  ( 5.999999999999998224, 10.00000000000000000, -14.27500000000000036 ) ) ;
#1120 = VECTOR ( 'NONE', #1149, 1000.000000000000000 ) ;
#1121 = VERTEX_POINT ( 'NONE', #1913 ) ;
#1122 = VECTOR ( 'NONE', #1116, 1000.000000000000000 ) ;
#1123 = AXIS2_PLACEMENT_3D ( 'NONE', #49, #69, #238 ) ;
#1124 = EDGE_LOOP ( 'NONE', ( #478, #1793 ) ) ;
#1125 = DIRECTION ( 'NONE',  ( -0.000000000000000000, -1.000000000000000000, -0.000000000000000000 ) ) ;
#1126 = CARTESIAN_POINT ( 'NONE',  ( -17.02499999999999858, 3.000000000000000000, -14.27500000000000036 ) ) ;
#1127 = CARTESIAN_POINT ( 'NONE',  ( -6.000000000000001776, 10.00000000000000000, 16.00000000000000000 ) ) ;
#1128 = CARTESIAN_POINT ( 'NONE',  ( -28.77543530002271410, 3.000000000000000000, -18.76649945465551639 ) ) ;
#1129 = EDGE_CURVE ( 'NONE', #542, #1082, #201, .T. ) ;
#1130 = ORIENTED_EDGE ( 'NONE', *, *, #998, .T. ) ;
#1131 = EDGE_LOOP ( 'NONE', ( #132, #1927, #245, #155, #861, #36, #1393, #1493, #1737, #1055, #1419 ) ) ;
#1132 = CARTESIAN_POINT ( 'NONE',  ( -4.900000000000001243, 10.00000000000000000, -15.99999999999999645 ) ) ;
#1133 = CARTESIAN_POINT ( 'NONE',  ( 24.26649945465551639, 3.000000000000000000, -23.27543530002270700 ) ) ;
#1134 = DIRECTION ( 'NONE',  ( -0.000000000000000000, -0.000000000000000000, 1.000000000000000000 ) ) ;
#1135 = CARTESIAN_POINT ( 'NONE',  ( 22.50000000000000355, 3.000000000000000000, -20.00000000000000000 ) ) ;
#1136 = EDGE_CURVE ( 'NONE', #1628, #1722, #227, .T. ) ;
#1137 = ORIENTED_EDGE ( 'NONE', *, *, #1821, .T. ) ;
#1138 = CARTESIAN_POINT ( 'NONE',  ( -28.77543530002267502, 0.000000000000000000, 18.76649945465543823 ) ) ;
#1139 = CARTESIAN_POINT ( 'NONE',  ( -25.50000000000000000, 0.000000000000000000, -20.00000000000000000 ) ) ;
#1140 = VECTOR ( 'NONE', #1974, 1000.000000000000000 ) ;
#1141 = CYLINDRICAL_SURFACE ( 'NONE', #573, 3.499999999999999556 ) ;
#1142 = CARTESIAN_POINT ( 'NONE',  ( -17.02499999999999858, 18.00000000000000000, 0.000000000000000000 ) ) ;
#1143 = EDGE_CURVE ( 'NONE', #251, #1162, #8, .T. ) ;
#1144 = ORIENTED_EDGE ( 'NONE', *, *, #1718, .F. ) ;
#1145 = EDGE_CURVE ( 'NONE', #1792, #1074, #1321, .T. ) ;
#1146 = EDGE_CURVE ( 'NONE', #399, #360, #886, .T. ) ;
#1147 = AXIS2_PLACEMENT_3D ( 'NONE', #610, #1072, #1221 ) ;
#1148 = CARTESIAN_POINT ( 'NONE',  ( 25.49999999999975131, 0.000000000000000000, 10.06891399745681426 ) ) ;
#1149 = DIRECTION ( 'NONE',  ( -0.000000000000000000, -0.000000000000000000, -1.000000000000000000 ) ) ;
#1150 = CARTESIAN_POINT ( 'NONE',  ( -7.100000000000002309, 10.00000000000000000, -14.27500000000000036 ) ) ;
#1151 = CARTESIAN_POINT ( 'NONE',  ( 20.15685424949237614, 3.000000000000000888, -17.65685424949237969 ) ) ;
#1152 = VERTEX_POINT ( 'NONE', #1613 ) ;
#1153 = CARTESIAN_POINT ( 'NONE',  ( -24.26649945465551639, 3.000000000000000000, 23.27543530002270700 ) ) ;
#1154 = CIRCLE ( 'NONE', #283, 1.099999999999999423 ) ;
#1155 = EDGE_LOOP ( 'NONE', ( #1209, #1856, #1422, #797 ) ) ;
#1156 = ORIENTED_EDGE ( 'NONE', *, *, #189, .F. ) ;
#1157 = EDGE_CURVE ( 'NONE', #517, #1033, #1923, .T. ) ;
#1158 = DIRECTION ( 'NONE',  ( 1.000000000000000000, 0.000000000000000000, 0.000000000000000000 ) ) ;
#1159 = AXIS2_PLACEMENT_3D ( 'NONE', #213, #836, #362 ) ;
#1160 = CARTESIAN_POINT ( 'NONE',  ( -6.000000000000000000, 0.000000000000000000, 9.099999999999999645 ) ) ;
#1161 = LINE ( 'NONE', #1787, #981 ) ;
#1162 = VERTEX_POINT ( 'NONE', #1002 ) ;
#1163 = DIRECTION ( 'NONE',  ( 0.9358386571493456652, 0.000000000000000000, -0.3524287272412812699 ) ) ;
#1164 = ADVANCED_FACE ( 'NONE', ( #70 ), #547, .F. ) ;
#1165 = VERTEX_POINT ( 'NONE', #838 ) ;
#1166 = CC_DESIGN_APPROVAL ( #684, ( #833 ) ) ;
#1167 = VERTEX_POINT ( 'NONE', #1309 ) ;
#1168 = VECTOR ( 'NONE', #247, 1000.000000000000000 ) ;
#1169 = EDGE_CURVE ( 'NONE', #719, #531, #381, .T. ) ;
#1170 = CARTESIAN_POINT ( 'NONE',  ( 24.26649945465551639, 3.000000000000000000, 23.27543530002270700 ) ) ;
#1171 =( NAMED_UNIT ( * ) PLANE_ANGLE_UNIT ( ) SI_UNIT ( $, .RADIAN. ) );
#1172 = CARTESIAN_POINT ( 'NONE',  ( 18.50000000000000000, 3.000000000000000000, -20.00000000000000000 ) ) ;
#1173 = CARTESIAN_POINT ( 'NONE',  ( 5.999999999999998224, 10.00000000000000000, 16.00000000000000000 ) ) ;
#1174 = ORIENTED_EDGE ( 'NONE', *, *, #1207, .T. ) ;
#1175 = LINE ( 'NONE', #1057, #373 ) ;
#1176 = LINE ( 'NONE', #397, #1280 ) ;
#1177 = ORIENTED_EDGE ( 'NONE', *, *, #1224, .T. ) ;
#1178 = ORIENTED_EDGE ( 'NONE', *, *, #1442, .F. ) ;
#1179 = CARTESIAN_POINT ( 'NONE',  ( -24.26649945465551639, 3.000000000000000000, -23.27543530002270700 ) ) ;
#1180 = DIRECTION ( 'NONE',  ( 0.000000000000000000, 0.000000000000000000, 1.000000000000000000 ) ) ;
#1181 = CIRCLE ( 'NONE', #1928, 1.500000000000001332 ) ;
#1182 = PLANE ( 'NONE',  #278 ) ;
#1183 = CARTESIAN_POINT ( 'NONE',  ( 28.77543530002267502, 3.000000000000000000, 18.76649945465543823 ) ) ;
#1184 = ORIENTED_EDGE ( 'NONE', *, *, #1254, .F. ) ;
#1185 = CARTESIAN_POINT ( 'NONE',  ( 25.50000000000000000, 0.000000000000000000, 20.00000000000000000 ) ) ;
#1186 = CARTESIAN_POINT ( 'NONE',  ( 6.000000000000000000, 0.000000000000000000, -6.899999999999999467 ) ) ;
#1187 = DIRECTION ( 'NONE',  ( 0.000000000000000000, 0.000000000000000000, -1.000000000000000000 ) ) ;
#1188 = AXIS2_PLACEMENT_3D ( 'NONE', #1127, #1721, #1743 ) ;
#1189 = VERTEX_POINT ( 'NONE', #1605 ) ;
#1190 = ORIENTED_EDGE ( 'NONE', *, *, #1194, .T. ) ;
#1191 = ORIENTED_EDGE ( 'NONE', *, *, #995, .F. ) ;
#1192 = MECHANICAL_CONTEXT ( 'NONE', #1389, 'mechanical' ) ;
#1193 = EDGE_CURVE ( 'NONE', #332, #1228, #364, .T. ) ;
#1194 = EDGE_CURVE ( 'NONE', #1914, #1414, #170, .T. ) ;
#1195 = DIRECTION ( 'NONE',  ( 0.000000000000000000, 1.000000000000000000, 0.000000000000000000 ) ) ;
#1196 = DIRECTION ( 'NONE',  ( 0.000000000000000000, -0.000000000000000000, 1.000000000000000000 ) ) ;
#1197 = FACE_BOUND ( 'NONE', #465, .T. ) ;
#1198 = FACE_OUTER_BOUND ( 'NONE', #1683, .T. ) ;
#1199 = DIRECTION ( 'NONE',  ( 0.000000000000000000, 0.000000000000000000, -1.000000000000000000 ) ) ;
#1200 = VERTEX_POINT ( 'NONE', #672 ) ;
#1201 = DIRECTION ( 'NONE',  ( -0.000000000000000000, -1.000000000000000000, -0.000000000000000000 ) ) ;
#1202 = DIRECTION ( 'NONE',  ( -1.000000000000000000, 0.000000000000000000, -0.000000000000000000 ) ) ;
#1203 = DIRECTION ( 'NONE',  ( 0.000000000000000000, 1.000000000000000000, 0.000000000000000000 ) ) ;
#1204 = AXIS2_PLACEMENT_3D ( 'NONE', #603, #1219, #1999 ) ;
#1205 = CYLINDRICAL_SURFACE ( 'NONE', #1861, 1.100000000000000311 ) ;
#1206 = EDGE_CURVE ( 'NONE', #1677, #1189, #269, .T. ) ;
#1207 = EDGE_CURVE ( 'NONE', #1339, #1601, #1827, .T. ) ;
#1208 = AXIS2_PLACEMENT_3D ( 'NONE', #1496, #736, #1810 ) ;
#1209 = ORIENTED_EDGE ( 'NONE', *, *, #1486, .F. ) ;
#1210 = EDGE_CURVE ( 'NONE', #1101, #1947, #1056, .T. ) ;
#1211 = ADVANCED_FACE ( 'NONE', ( #1798 ), #1223, .F. ) ;
#1212 = VERTEX_POINT ( 'NONE', #1366 ) ;
#1213 = EDGE_LOOP ( 'NONE', ( #1876, #870, #1762, #927 ) ) ;
#1214 = CARTESIAN_POINT ( 'NONE',  ( -25.50000000000000000, 0.000000000000000000, 20.00000000000000000 ) ) ;
#1215 = VECTOR ( 'NONE', #294, 1000.000000000000000 ) ;
#1216 = CARTESIAN_POINT ( 'NONE',  ( -24.26649945465551639, 3.000000000000000000, -23.27543530002270700 ) ) ;
#1217 = DIRECTION ( 'NONE',  ( 0.000000000000000000, 0.000000000000000000, 1.000000000000000000 ) ) ;
#1218 = AXIS2_PLACEMENT_3D ( 'NONE', #1609, #502, #32 ) ;
#1219 = DIRECTION ( 'NONE',  ( -0.000000000000000000, 1.000000000000000000, -0.000000000000000000 ) ) ;
#1220 = EDGE_LOOP ( 'NONE', ( #222, #1310, #123, #210 ) ) ;
#1221 = DIRECTION ( 'NONE',  ( 0.000000000000000000, 0.000000000000000000, -1.000000000000000000 ) ) ;
#1222 = ORIENTED_EDGE ( 'NONE', *, *, #189, .T. ) ;
#1223 = CYLINDRICAL_SURFACE ( 'NONE', #471, 1.100000000000000311 ) ;
#1224 = EDGE_CURVE ( 'NONE', #719, #1339, #1403, .T. ) ;
#1225 = CARTESIAN_POINT ( 'NONE',  ( -25.50000000000000000, 0.000000000000000000, -20.00000000000000000 ) ) ;
#1226 = CARTESIAN_POINT ( 'NONE',  ( -25.50000000000000000, 3.000000000000000000, 20.00000000000000000 ) ) ;
#1227 = FACE_OUTER_BOUND ( 'NONE', #1813, .T. ) ;
#1228 = VERTEX_POINT ( 'NONE', #1063 ) ;
#1229 = EDGE_CURVE ( 'NONE', #1984, #1326, #1956, .T. ) ;
#1230 = VECTOR ( 'NONE', #353, 1000.000000000000114 ) ;
#1231 = VECTOR ( 'NONE', #664, 1000.000000000000000 ) ;
#1232 = PERSON_AND_ORGANIZATION ( #591, #1237 ) ;
#1233 = EDGE_LOOP ( 'NONE', ( #1338, #1084, #1593, #955 ) ) ;
#1234 = FACE_BOUND ( 'NONE', #1045, .T. ) ;
#1235 = EDGE_CURVE ( 'NONE', #517, #1940, #1687, .T. ) ;
#1236 = VERTEX_POINT ( 'NONE', #904 ) ;
#1237 = ORGANIZATION ( 'UNSPECIFIED', 'UNSPECIFIED', '' ) ;
#1238 = CARTESIAN_POINT ( 'NONE',  ( -24.26649945465551639, 3.000000000000000000, 23.27543530002270700 ) ) ;
#1239 = DIRECTION ( 'NONE',  ( -0.3524287272412813254, 0.000000000000000000, 0.9358386571493457762 ) ) ;
#1240 = DIRECTION ( 'NONE',  ( -0.000000000000000000, 1.000000000000000000, -0.000000000000000000 ) ) ;
#1241 = LINE ( 'NONE', #464, #1092 ) ;
#1242 = VERTEX_POINT ( 'NONE', #869 ) ;
#1243 = DIRECTION ( 'NONE',  ( 0.000000000000000000, 0.000000000000000000, 1.000000000000000000 ) ) ;
#1244 = VECTOR ( 'NONE', #461, 1000.000000000000000 ) ;
#1245 = ORIENTED_EDGE ( 'NONE', *, *, #423, .F. ) ;
#1246 = ORIENTED_EDGE ( 'NONE', *, *, #1536, .F. ) ;
#1247 = DIRECTION ( 'NONE',  ( -0.9358386571493457762, 0.000000000000000000, 0.3524287272412813254 ) ) ;
#1248 = CARTESIAN_POINT ( 'NONE',  ( -25.50000000000000000, 3.000000000000000000, -20.00000000000000000 ) ) ;
#1249 = CARTESIAN_POINT ( 'NONE',  ( -4.900000000000001243, 10.00000000000000000, 14.27500000000000036 ) ) ;
#1250 = ORIENTED_EDGE ( 'NONE', *, *, #1129, .T. ) ;
#1251 = CARTESIAN_POINT ( 'NONE',  ( 5.999999999999998224, 10.00000000000000000, -14.27500000000000036 ) ) ;
#1252 = CIRCLE ( 'NONE', #1413, 3.499999999999996003 ) ;
#1253 = ORIENTED_EDGE ( 'NONE', *, *, #806, .F. ) ;
#1254 = EDGE_CURVE ( 'NONE', #154, #79, #1660, .T. ) ;
#1255 = ADVANCED_FACE ( 'NONE', ( #272 ), #293, .F. ) ;
#1256 = LINE ( 'NONE', #1720, #1859 ) ;
#1257 = CARTESIAN_POINT ( 'NONE',  ( -15.56891399745681603, 3.000000000000000000, 20.00000000000000000 ) ) ;
#1258 = ORIENTED_EDGE ( 'NONE', *, *, #581, .F. ) ;
#1259 = DIRECTION ( 'NONE',  ( -0.000000000000000000, -1.000000000000000000, -0.000000000000000000 ) ) ;
#1260 = APPROVAL ( #1571, 'UNSPECIFIED' ) ;
#1261 = AXIS2_PLACEMENT_3D ( 'NONE', #512, #183, #521 ) ;
#1262 = ORIENTED_EDGE ( 'NONE', *, *, #641, .T. ) ;
#1263 = CIRCLE ( 'NONE', #384, 1.100000000000000311 ) ;
#1264 = ORIENTED_EDGE ( 'NONE', *, *, #1442, .T. ) ;
#1265 = DIRECTION ( 'NONE',  ( -1.000000000000000000, -0.000000000000000000, -0.000000000000000000 ) ) ;
#1266 = CARTESIAN_POINT ( 'NONE',  ( 25.50000000000000000, 3.000000000000000000, -20.00000000000000000 ) ) ;
#1267 = FACE_OUTER_BOUND ( 'NONE', #342, .T. ) ;
#1268 = CIRCLE ( 'NONE', #1782, 1.499999999999997780 ) ;
#1269 = DIRECTION ( 'NONE',  ( 0.000000000000000000, 0.000000000000000000, 1.000000000000000000 ) ) ;
#1270 = VERTEX_POINT ( 'NONE', #1524 ) ;
#1271 = CIRCLE ( 'NONE', #398, 1.100000000000001199 ) ;
#1272 = ORIENTED_EDGE ( 'NONE', *, *, #1821, .F. ) ;
#1273 = EDGE_CURVE ( 'NONE', #1074, #1012, #582, .T. ) ;
#1274 = DIRECTION ( 'NONE',  ( 0.000000000000000000, 0.000000000000000000, 1.000000000000000000 ) ) ;
#1275 = CARTESIAN_POINT ( 'NONE',  ( -6.000000000000001776, 10.00000000000000000, 25.72500000000000142 ) ) ;
#1276 = LINE ( 'NONE', #1098, #1959 ) ;
#1277 = DIRECTION ( 'NONE',  ( -0.000000000000000000, -1.000000000000000000, -0.000000000000000000 ) ) ;
#1278 = AXIS2_PLACEMENT_3D ( 'NONE', #1097, #1701, #1104 ) ;
#1279 = ORIENTED_EDGE ( 'NONE', *, *, #1109, .T. ) ;
#1280 = VECTOR ( 'NONE', #1790, 1000.000000000000000 ) ;
#1281 = ORIENTED_EDGE ( 'NONE', *, *, #1353, .F. ) ;
#1282 = DIRECTION ( 'NONE',  ( -0.000000000000000000, -1.000000000000000000, -0.000000000000000000 ) ) ;
#1283 = DIRECTION ( 'NONE',  ( -0.000000000000000000, -0.000000000000000000, 1.000000000000000000 ) ) ;
#1284 = CARTESIAN_POINT ( 'NONE',  ( -15.56891399745681603, 0.000000000000000000, 20.00000000000000000 ) ) ;
#1285 = EDGE_CURVE ( 'NONE', #1325, #1984, #1070, .T. ) ;
#1286 = DIRECTION ( 'NONE',  ( 0.000000000000000000, 1.000000000000000000, 0.000000000000000000 ) ) ;
#1287 = AXIS2_PLACEMENT_3D ( 'NONE', #1000, #837, #868 ) ;
#1288 = VERTEX_POINT ( 'NONE', #1678 ) ;
#1289 = ORIENTED_EDGE ( 'NONE', *, *, #1066, .F. ) ;
#1290 = EDGE_CURVE ( 'NONE', #1804, #1228, #1001, .T. ) ;
#1291 = FACE_OUTER_BOUND ( 'NONE', #1061, .T. ) ;
#1292 = AXIS2_PLACEMENT_3D ( 'NONE', #23, #1100, #656 ) ;
#1293 = CARTESIAN_POINT ( 'NONE',  ( -6.000000000000000000, -8.000000000000000000, 6.899999999999999467 ) ) ;
#1294 = DIRECTION ( 'NONE',  ( -0.000000000000000000, -1.000000000000000000, -0.000000000000000000 ) ) ;
#1295 = DIRECTION ( 'NONE',  ( -1.000000000000000000, 0.000000000000000000, 0.000000000000000000 ) ) ;
#1296 = EDGE_LOOP ( 'NONE', ( #1632, #834 ) ) ;
#1297 = CARTESIAN_POINT ( 'NONE',  ( 22.50000000000000355, 3.000000000000000000, 16.00000000000000355 ) ) ;
#1298 = DIRECTION ( 'NONE',  ( 0.000000000000000000, 0.000000000000000000, 1.000000000000000000 ) ) ;
#1299 = AXIS2_PLACEMENT_3D ( 'NONE', #983, #1286, #1899 ) ;
#1300 = LINE ( 'NONE', #534, #1032 ) ;
#1301 = DIRECTION ( 'NONE',  ( 0.000000000000000000, 0.000000000000000000, 1.000000000000000000 ) ) ;
#1302 = VERTEX_POINT ( 'NONE', #1806 ) ;
#1303 = CARTESIAN_POINT ( 'NONE',  ( 18.50000000000000000, 3.000000000000000000, -20.00000000000000000 ) ) ;
#1304 = EDGE_LOOP ( 'NONE', ( #314, #900, #1481, #631 ) ) ;
#1305 = ORIENTED_EDGE ( 'NONE', *, *, #665, .F. ) ;
#1306 = VECTOR ( 'NONE', #883, 1000.000000000000000 ) ;
#1307 = LINE ( 'NONE', #544, #1878 ) ;
#1308 = DIRECTION ( 'NONE',  ( -0.000000000000000000, -1.000000000000000000, -0.000000000000000000 ) ) ;
#1309 = CARTESIAN_POINT ( 'NONE',  ( -18.50000000000000000, 6.999999999999999112, 16.00000000000000000 ) ) ;
#1310 = ORIENTED_EDGE ( 'NONE', *, *, #234, .F. ) ;
#1311 = CC_DESIGN_PERSON_AND_ORGANIZATION_ASSIGNMENT ( #80, #1965, ( #297 ) ) ;
#1312 = CARTESIAN_POINT ( 'NONE',  ( -25.49999999999975131, 0.000000000000000000, -10.06891399745681426 ) ) ;
#1313 = ADVANCED_FACE ( 'NONE', ( #1076 ), #1492, .T. ) ;
#1314 = ORIENTED_EDGE ( 'NONE', *, *, #1715, .T. ) ;
#1315 = ORIENTED_EDGE ( 'NONE', *, *, #330, .T. ) ;
#1316 = ADVANCED_FACE ( 'NONE', ( #729 ), #427, .F. ) ;
#1317 = CARTESIAN_POINT ( 'NONE',  ( 28.77543530002267502, 0.000000000000000000, 18.76649945465543823 ) ) ;
#1318 = EDGE_LOOP ( 'NONE', ( #766, #71, #1444, #922 ) ) ;
#1319 = AXIS2_PLACEMENT_3D ( 'NONE', #1905, #1283, #48 ) ;
#1320 = DIRECTION ( 'NONE',  ( -1.000000000000000000, 0.000000000000000000, -0.000000000000000000 ) ) ;
#1321 = LINE ( 'NONE', #250, #789 ) ;
#1322 = ORIENTED_EDGE ( 'NONE', *, *, #1361, .T. ) ;
#1323 = CARTESIAN_POINT ( 'NONE',  ( -25.50000000000000000, 3.000000000000000000, 20.00000000000000000 ) ) ;
#1324 = FACE_BOUND ( 'NONE', #758, .T. ) ;
#1325 = VERTEX_POINT ( 'NONE', #1354 ) ;
#1326 = VERTEX_POINT ( 'NONE', #613 ) ;
#1327 = CARTESIAN_POINT ( 'NONE',  ( -7.100000000000002309, 10.00000000000000000, 25.72500000000000142 ) ) ;
#1328 = ORIENTED_EDGE ( 'NONE', *, *, #1574, .F. ) ;
#1329 = DATE_TIME_ROLE ( 'creation_date' ) ;
#1330 = ADVANCED_FACE ( 'NONE', ( #590 ), #1651, .F. ) ;
#1331 = FACE_OUTER_BOUND ( 'NONE', #302, .T. ) ;
#1332 = CARTESIAN_POINT ( 'NONE',  ( 25.50000000000000000, 3.000000000000000000, 20.00000000000000000 ) ) ;
#1333 = ORIENTED_EDGE ( 'NONE', *, *, #305, .F. ) ;
#1334 = AXIS2_PLACEMENT_3D ( 'NONE', #124, #1668, #915 ) ;
#1335 = CARTESIAN_POINT ( 'NONE',  ( 25.50000000000000000, 0.000000000000000000, 18.50000000000000000 ) ) ;
#1336 = DIRECTION ( 'NONE',  ( 1.000000000000000000, 0.000000000000000000, 0.000000000000000000 ) ) ;
#1337 = CARTESIAN_POINT ( 'NONE',  ( 4.899999999999998579, 10.00000000000000000, 25.72500000000000142 ) ) ;
#1338 = ORIENTED_EDGE ( 'NONE', *, *, #50, .F. ) ;
#1339 = VERTEX_POINT ( 'NONE', #260 ) ;
#1340 = DIRECTION ( 'NONE',  ( -0.000000000000000000, -0.000000000000000000, 1.000000000000000000 ) ) ;
#1341 = ORIENTED_EDGE ( 'NONE', *, *, #832, .F. ) ;
#1342 = COORDINATED_UNIVERSAL_TIME_OFFSET ( 0, 0, .AHEAD. ) ;
#1343 = AXIS2_PLACEMENT_3D ( 'NONE', #1828, #1555, #335 ) ;
#1344 = DIRECTION ( 'NONE',  ( -1.000000000000000000, 0.000000000000000000, 0.000000000000000000 ) ) ;
#1345 = ORIENTED_EDGE ( 'NONE', *, *, #1735, .F. ) ;
#1346 = FACE_OUTER_BOUND ( 'NONE', #315, .T. ) ;
#1347 = CARTESIAN_POINT ( 'NONE',  ( 4.899999999999998579, 10.00000000000000000, 25.72500000000000142 ) ) ;
#1348 = CARTESIAN_POINT ( 'NONE',  ( 25.50000000000000000, 3.000000000000000000, -20.00000000000000000 ) ) ;
#1349 = CARTESIAN_POINT ( 'NONE',  ( -25.50000000000000000, 3.000000000000000000, 20.00000000000000000 ) ) ;
#1350 = AXIS2_PLACEMENT_3D ( 'NONE', #634, #504, #5 ) ;
#1351 = ORIENTED_EDGE ( 'NONE', *, *, #141, .T. ) ;
#1352 = PERSON_AND_ORGANIZATION ( #591, #1237 ) ;
#1353 = EDGE_CURVE ( 'NONE', #1242, #816, #880, .T. ) ;
#1354 = CARTESIAN_POINT ( 'NONE',  ( 24.26649945465551284, 3.000000000000000000, 23.27543530002270344 ) ) ;
#1355 = EDGE_CURVE ( 'NONE', #1722, #793, #1086, .T. ) ;
#1356 = CARTESIAN_POINT ( 'NONE',  ( 5.999999999999998224, 10.00000000000000000, 25.72500000000000142 ) ) ;
#1357 = CARTESIAN_POINT ( 'NONE',  ( 20.15685424949237614, 2.999999999999998668, 17.65685424949237969 ) ) ;
#1358 = AXIS2_PLACEMENT_3D ( 'NONE', #794, #1402, #1432 ) ;
#1359 = DIRECTION ( 'NONE',  ( 1.000000000000000000, 0.000000000000000000, 0.000000000000000000 ) ) ;
#1360 = CYLINDRICAL_SURFACE ( 'NONE', #1208, 1.100000000000000311 ) ;
#1361 = EDGE_CURVE ( 'NONE', #763, #692, #1875, .T. ) ;
#1362 = EDGE_CURVE ( 'NONE', #531, #1601, #1263, .T. ) ;
#1363 = ORIENTED_EDGE ( 'NONE', *, *, #1384, .T. ) ;
#1364 = VECTOR ( 'NONE', #414, 1000.000000000000114 ) ;
#1365 = ORIENTED_EDGE ( 'NONE', *, *, #1919, .T. ) ;
#1366 = CARTESIAN_POINT ( 'NONE',  ( -6.000000000000000000, 0.000000000000000000, 6.899999999999999467 ) ) ;
#1367 = FACE_OUTER_BOUND ( 'NONE', #2, .T. ) ;
#1368 = AXIS2_PLACEMENT_3D ( 'NONE', #773, #118, #624 ) ;
#1369 = DIRECTION ( 'NONE',  ( 0.000000000000000000, 0.000000000000000000, 1.000000000000000000 ) ) ;
#1370 = AXIS2_PLACEMENT_3D ( 'NONE', #1349, #574, #1187 ) ;
#1371 = VERTEX_POINT ( 'NONE', #1699 ) ;
#1372 = ADVANCED_FACE ( 'NONE', ( #1565 ), #3, .F. ) ;
#1373 = CARTESIAN_POINT ( 'NONE',  ( -25.50000000000000000, 3.000000000000000000, 20.00000000000000000 ) ) ;
#1374 = EDGE_LOOP ( 'NONE', ( #1979, #1472, #1404, #488 ) ) ;
#1375 = ADVANCED_FACE ( 'NONE', ( #790, #640, #156 ), #935, .T. ) ;
#1376 = CARTESIAN_POINT ( 'NONE',  ( 28.77543530002267502, 3.000000000000000000, -18.76649945465543823 ) ) ;
#1377 = AXIS2_PLACEMENT_3D ( 'NONE', #97, #1047, #1516 ) ;
#1378 = DIRECTION ( 'NONE',  ( -0.000000000000000000, -0.000000000000000000, 1.000000000000000000 ) ) ;
#1379 = FACE_OUTER_BOUND ( 'NONE', #1155, .T. ) ;
#1380 = VECTOR ( 'NONE', #1265, 1000.000000000000000 ) ;
#1381 = DIRECTION ( 'NONE',  ( 0.000000000000000000, 0.000000000000000000, 1.000000000000000000 ) ) ;
#1382 = ADVANCED_FACE ( 'NONE', ( #779 ), #304, .F. ) ;
#1383 = AXIS2_PLACEMENT_3D ( 'NONE', #1912, #81, #1620 ) ;
#1384 = EDGE_CURVE ( 'NONE', #154, #1167, #2002, .T. ) ;
#1385 = VERTEX_POINT ( 'NONE', #1710 ) ;
#1386 = CARTESIAN_POINT ( 'NONE',  ( 0.000000000000000000, 18.00000000000000000, -14.27500000000000036 ) ) ;
#1387 = EDGE_LOOP ( 'NONE', ( #1190, #163, #579, #888 ) ) ;
#1388 = DIRECTION ( 'NONE',  ( 0.9358386571493457762, 0.000000000000000000, -0.3524287272412813254 ) ) ;
#1389 = APPLICATION_CONTEXT ( 'configuration controlled 3d designs of mechanical parts and assemblies' ) ;
#1390 = CARTESIAN_POINT ( 'NONE',  ( -6.000000000000000000, 0.000000000000000000, -8.000000000000000000 ) ) ;
#1391 = LINE ( 'NONE', #1817, #1724 ) ;
#1392 = CYLINDRICAL_SURFACE ( 'NONE', #1204, 1.100000000000001199 ) ;
#1393 = ORIENTED_EDGE ( 'NONE', *, *, #432, .T. ) ;
#1394 = AXIS2_PLACEMENT_3D ( 'NONE', #1238, #1554, #1247 ) ;
#1395 = CALENDAR_DATE ( 2025, 8, 9 ) ;
#1396 = EDGE_LOOP ( 'NONE', ( #1637, #1040, #627, #1707 ) ) ;
#1397 = ORIENTED_EDGE ( 'NONE', *, *, #1903, .T. ) ;
#1398 = CARTESIAN_POINT ( 'NONE',  ( -18.50000000000000000, 4.656854249492379694, 16.00000000000000000 ) ) ;
#1399 = CARTESIAN_POINT ( 'NONE',  ( 0.000000000000000000, 18.00000000000000000, 0.000000000000000000 ) ) ;
#1400 = DIRECTION ( 'NONE',  ( -1.000000000000000000, 0.000000000000000000, 0.000000000000000000 ) ) ;
#1401 = VERTEX_POINT ( 'NONE', #1705 ) ;
#1402 = DIRECTION ( 'NONE',  ( 0.000000000000000000, 1.000000000000000000, 0.000000000000000000 ) ) ;
#1403 = CIRCLE ( 'NONE', #1334, 1.100000000000000311 ) ;
#1404 = ORIENTED_EDGE ( 'NONE', *, *, #752, .T. ) ;
#1405 = EDGE_CURVE ( 'NONE', #1288, #1804, #948, .T. ) ;
#1406 = ADVANCED_FACE ( 'NONE', ( #1864 ), #1091, .T. ) ;
#1407 = EDGE_LOOP ( 'NONE', ( #9, #681, #178, #486 ) ) ;
#1408 = CARTESIAN_POINT ( 'NONE',  ( -22.50000000000000000, 3.000000000000000000, 20.00000000000000000 ) ) ;
#1409 = CARTESIAN_POINT ( 'NONE',  ( -25.50000000000000000, 0.000000000000000000, -20.00000000000000000 ) ) ;
#1410 = DIRECTION ( 'NONE',  ( -0.000000000000000000, -1.000000000000000000, -0.000000000000000000 ) ) ;
#1411 = VERTEX_POINT ( 'NONE', #487 ) ;
#1412 = LINE ( 'NONE', #16, #909 ) ;
#1413 = AXIS2_PLACEMENT_3D ( 'NONE', #127, #1079, #1691 ) ;
#1414 = VERTEX_POINT ( 'NONE', #1597 ) ;
#1415 = ORIENTED_EDGE ( 'NONE', *, *, #999, .T. ) ;
#1416 = CARTESIAN_POINT ( 'NONE',  ( -25.50000000000000000, 3.000000000000000000, -18.50000000000000355 ) ) ;
#1417 = LINE ( 'NONE', #21, #957 ) ;
#1418 = LINE ( 'NONE', #1257, #830 ) ;
#1419 = ORIENTED_EDGE ( 'NONE', *, *, #1574, .T. ) ;
#1420 = DIRECTION ( 'NONE',  ( -0.000000000000000000, -1.000000000000000000, -0.000000000000000000 ) ) ;
#1421 = CIRCLE ( 'NONE', #24, 3.499999999999999556 ) ;
#1422 = ORIENTED_EDGE ( 'NONE', *, *, #458, .T. ) ;
#1423 = EDGE_CURVE ( 'NONE', #747, #507, #620, .T. ) ;
#1424 = EDGE_CURVE ( 'NONE', #332, #1288, #187, .T. ) ;
#1425 = AXIS2_PLACEMENT_3D ( 'NONE', #1332, #759, #1039 ) ;
#1426 = VERTEX_POINT ( 'NONE', #1732 ) ;
#1427 = CARTESIAN_POINT ( 'NONE',  ( 17.02499999999999503, 3.000000000000000000, 14.27500000000000036 ) ) ;
#1428 = DIRECTION ( 'NONE',  ( -0.000000000000000000, -1.000000000000000000, -0.000000000000000000 ) ) ;
#1429 = CC_DESIGN_APPROVAL ( #541, ( #297 ) ) ;
#1430 = CARTESIAN_POINT ( 'NONE',  ( 5.999999999999998224, 10.00000000000000000, -15.99999999999999645 ) ) ;
#1431 = VECTOR ( 'NONE', #1468, 1000.000000000000000 ) ;
#1432 = DIRECTION ( 'NONE',  ( 0.000000000000000000, 0.000000000000000000, 1.000000000000000000 ) ) ;
#1433 = DATE_AND_TIME ( #1395, #682 ) ;
#1434 = ORIENTED_EDGE ( 'NONE', *, *, #1589, .F. ) ;
#1435 = VECTOR ( 'NONE', #363, 1000.000000000000000 ) ;
#1436 = EDGE_CURVE ( 'NONE', #1940, #1242, #1714, .T. ) ;
#1437 = ORIENTED_EDGE ( 'NONE', *, *, #1229, .F. ) ;
#1438 = CARTESIAN_POINT ( 'NONE',  ( 17.02499999999999503, 3.000000000000000000, -14.27500000000000036 ) ) ;
#1439 = LINE ( 'NONE', #1133, #1230 ) ;
#1440 = DIRECTION ( 'NONE',  ( -0.000000000000000000, -0.000000000000000000, 1.000000000000000000 ) ) ;
#1441 = CARTESIAN_POINT ( 'NONE',  ( -28.77543530002271410, 3.000000000000000000, -18.76649945465551639 ) ) ;
#1442 = EDGE_CURVE ( 'NONE', #261, #164, #220, .T. ) ;
#1443 = AXIS2_PLACEMENT_3D ( 'NONE', #1390, #623, #1849 ) ;
#1444 = ORIENTED_EDGE ( 'NONE', *, *, #850, .F. ) ;
#1445 = VECTOR ( 'NONE', #1541, 1000.000000000000000 ) ;
#1446 = EDGE_LOOP ( 'NONE', ( #1262, #1591, #1695, #1328, #1073, #1783 ) ) ;
#1447 = CARTESIAN_POINT ( 'NONE',  ( -28.77543530002267502, 3.000000000000000000, 18.76649945465543823 ) ) ;
#1448 = DIRECTION ( 'NONE',  ( 0.9358386571493456652, -0.000000000000000000, 0.3524287272412812699 ) ) ;
#1449 = DIRECTION ( 'NONE',  ( 0.000000000000000000, 0.000000000000000000, -1.000000000000000000 ) ) ;
#1450 = DIRECTION ( 'NONE',  ( 0.000000000000000000, 0.000000000000000000, 1.000000000000000000 ) ) ;
#1451 = ORIENTED_EDGE ( 'NONE', *, *, #1206, .T. ) ;
#1452 = VERTEX_POINT ( 'NONE', #1891 ) ;
#1453 = DIRECTION ( 'NONE',  ( -0.000000000000000000, 0.000000000000000000, 1.000000000000000000 ) ) ;
#1454 = DIRECTION ( 'NONE',  ( 0.000000000000000000, 0.000000000000000000, -1.000000000000000000 ) ) ;
#1455 = LINE ( 'NONE', #1757, #416 ) ;
#1456 = CARTESIAN_POINT ( 'NONE',  ( -6.000000000000000000, 0.000000000000000000, 8.000000000000000000 ) ) ;
#1457 = DIRECTION ( 'NONE',  ( -0.000000000000000000, -1.000000000000000000, -0.000000000000000000 ) ) ;
#1458 = ORIENTED_EDGE ( 'NONE', *, *, #1854, .T. ) ;
#1459 = VECTOR ( 'NONE', #1369, 1000.000000000000000 ) ;
#1460 = EDGE_CURVE ( 'NONE', #644, #228, #551, .T. ) ;
#1461 = CC_DESIGN_PERSON_AND_ORGANIZATION_ASSIGNMENT ( #115, #1502, ( #297 ) ) ;
#1462 = CARTESIAN_POINT ( 'NONE',  ( 7.099999999999997868, 10.00000000000000000, 25.72500000000000142 ) ) ;
#1463 = CYLINDRICAL_SURFACE ( 'NONE', #1159, 1.099999999999999423 ) ;
#1464 = EDGE_CURVE ( 'NONE', #507, #747, #874, .T. ) ;
#1465 = AXIS2_PLACEMENT_3D ( 'NONE', #99, #1051, #1665 ) ;
#1466 = EDGE_CURVE ( 'NONE', #160, #1673, #328, .T. ) ;
#1467 = CARTESIAN_POINT ( 'NONE',  ( -25.50000000000000000, 3.000000000000000000, 21.50000000000000000 ) ) ;
#1468 = DIRECTION ( 'NONE',  ( 0.000000000000000000, 0.000000000000000000, 1.000000000000000000 ) ) ;
#1469 = ORIENTED_EDGE ( 'NONE', *, *, #1050, .T. ) ;
#1470 = DIRECTION ( 'NONE',  ( -0.000000000000000000, -1.000000000000000000, -0.000000000000000000 ) ) ;
#1471 = ORIENTED_EDGE ( 'NONE', *, *, #1934, .T. ) ;
#1472 = ORIENTED_EDGE ( 'NONE', *, *, #1464, .T. ) ;
#1473 = CIRCLE ( 'NONE', #144, 1.499999999999997780 ) ;
#1474 = VECTOR ( 'NONE', #1470, 1000.000000000000000 ) ;
#1475 = DIRECTION ( 'NONE',  ( 0.000000000000000000, -0.000000000000000000, 1.000000000000000000 ) ) ;
#1476 = VECTOR ( 'NONE', #1308, 1000.000000000000000 ) ;
#1477 = ORIENTED_EDGE ( 'NONE', *, *, #1129, .F. ) ;
#1478 = CYLINDRICAL_SURFACE ( 'NONE', #1771, 4.000000000000000000 ) ;
#1479 = CARTESIAN_POINT ( 'NONE',  ( -24.26649945465551639, 3.000000000000000000, 23.27543530002270700 ) ) ;
#1480 = CARTESIAN_POINT ( 'NONE',  ( 25.49999999999975131, 3.000000000000000000, -10.06891399745681426 ) ) ;
#1481 = ORIENTED_EDGE ( 'NONE', *, *, #62, .T. ) ;
#1482 = CARTESIAN_POINT ( 'NONE',  ( 15.56891399745681603, 0.000000000000000000, 20.00000000000000000 ) ) ;
#1483 = CARTESIAN_POINT ( 'NONE',  ( -4.900000000000001243, 10.00000000000000000, 16.00000000000000000 ) ) ;
#1484 = VERTEX_POINT ( 'NONE', #784 ) ;
#1485 = ORIENTED_EDGE ( 'NONE', *, *, #453, .T. ) ;
#1486 = EDGE_CURVE ( 'NONE', #1401, #337, #347, .T. ) ;
#1487 = CARTESIAN_POINT ( 'NONE',  ( 15.56891399745681603, 3.000000000000000000, -20.00000000000000000 ) ) ;
#1488 = ORIENTED_EDGE ( 'NONE', *, *, #111, .F. ) ;
#1489 = APPROVAL_ROLE ( '' ) ;
#1490 = DIRECTION ( 'NONE',  ( 0.000000000000000000, 1.000000000000000000, 0.000000000000000000 ) ) ;
#1491 = VECTOR ( 'NONE', #859, 1000.000000000000000 ) ;
#1492 = CYLINDRICAL_SURFACE ( 'NONE', #1425, 3.499999999999996003 ) ;
#1493 = ORIENTED_EDGE ( 'NONE', *, *, #850, .T. ) ;
#1494 = DIRECTION ( 'NONE',  ( 0.000000000000000000, 0.000000000000000000, 1.000000000000000000 ) ) ;
#1495 = LINE ( 'NONE', #1303, #411 ) ;
#1496 = CARTESIAN_POINT ( 'NONE',  ( -6.000000000000000000, -8.000000000000000000, 8.000000000000000000 ) ) ;
#1497 = LOCAL_TIME ( 18, 18, 48.00000000000000000, #1694 ) ;
#1498 = EDGE_LOOP ( 'NONE', ( #1289, #1908, #1584, #1488 ) ) ;
#1499 = LINE ( 'NONE', #1462, #389 ) ;
#1500 = EDGE_CURVE ( 'NONE', #1212, #232, #653, .T. ) ;
#1501 = ORIENTED_EDGE ( 'NONE', *, *, #1109, .F. ) ;
#1502 = PERSON_AND_ORGANIZATION_ROLE ( 'design_supplier' ) ;
#1503 = CARTESIAN_POINT ( 'NONE',  ( -22.50000000000000000, 3.000000000000000000, -20.00000000000000000 ) ) ;
#1504 = ORIENTED_EDGE ( 'NONE', *, *, #63, .F. ) ;
#1505 = CYLINDRICAL_SURFACE ( 'NONE', #1981, 1.099999999999999423 ) ;
#1506 = CARTESIAN_POINT ( 'NONE',  ( 25.50000000000000000, 3.000000000000000000, 18.50000000000000000 ) ) ;
#1507 = CARTESIAN_POINT ( 'NONE',  ( 6.000000000000000000, 3.000000000000000000, -6.899999999999999467 ) ) ;
#1508 = FACE_OUTER_BOUND ( 'NONE', #1304, .T. ) ;
#1509 = EDGE_CURVE ( 'NONE', #1101, #968, #1412, .T. ) ;
#1510 = ADVANCED_FACE ( 'NONE', ( #1882 ), #628, .F. ) ;
#1511 = ORIENTED_EDGE ( 'NONE', *, *, #1081, .F. ) ;
#1512 = ORIENTED_EDGE ( 'NONE', *, *, #1791, .T. ) ;
#1513 = DATE_AND_TIME ( #415, #592 ) ;
#1514 = AXIS2_PLACEMENT_3D ( 'NONE', #1216, #1239, #642 ) ;
#1515 = DIRECTION ( 'NONE',  ( -0.000000000000000000, -1.000000000000000000, -0.000000000000000000 ) ) ;
#1516 = DIRECTION ( 'NONE',  ( 0.000000000000000000, 0.000000000000000000, -1.000000000000000000 ) ) ;
#1517 = EDGE_CURVE ( 'NONE', #1228, #1804, #459, .T. ) ;
#1518 = CYLINDRICAL_SURFACE ( 'NONE', #334, 1.100000000000000311 ) ;
#1519 = EDGE_CURVE ( 'NONE', #1914, #114, #975, .T. ) ;
#1520 = CARTESIAN_POINT ( 'NONE',  ( -25.49999999999975131, 0.000000000000000000, -10.06891399745681426 ) ) ;
#1521 = FACE_OUTER_BOUND ( 'NONE', #1407, .T. ) ;
#1522 = VERTEX_POINT ( 'NONE', #1852 ) ;
#1523 = ORIENTED_EDGE ( 'NONE', *, *, #961, .T. ) ;
#1524 = CARTESIAN_POINT ( 'NONE',  ( 15.56891399745681603, 3.000000000000000000, 20.00000000000000000 ) ) ;
#1525 = AXIS2_PLACEMENT_3D ( 'NONE', #843, #1595, #193 ) ;
#1526 = CARTESIAN_POINT ( 'NONE',  ( -6.000000000000001776, 10.00000000000000000, 14.27500000000000036 ) ) ;
#1527 = LINE ( 'NONE', #615, #845 ) ;
#1528 = VECTOR ( 'NONE', #821, 1000.000000000000000 ) ;
#1529 = CARTESIAN_POINT ( 'NONE',  ( -24.26649945465551639, 0.000000000000000000, -23.27543530002270700 ) ) ;
#1530 = ORIENTED_EDGE ( 'NONE', *, *, #1210, .T. ) ;
#1531 = VECTOR ( 'NONE', #1282, 1000.000000000000000 ) ;
#1532 = FACE_BOUND ( 'NONE', #350, .T. ) ;
#1533 = ORIENTED_EDGE ( 'NONE', *, *, #1919, .F. ) ;
#1534 = EDGE_CURVE ( 'NONE', #168, #309, #972, .T. ) ;
#1535 = DIRECTION ( 'NONE',  ( 0.000000000000000000, 0.000000000000000000, 1.000000000000000000 ) ) ;
#1536 = EDGE_CURVE ( 'NONE', #1325, #866, #812, .T. ) ;
#1537 = CARTESIAN_POINT ( 'NONE',  ( -25.49999999999975131, 3.000000000000000000, -10.06891399745681426 ) ) ;
#1538 = LINE ( 'NONE', #1689, #134 ) ;
#1539 = DIRECTION ( 'NONE',  ( 0.000000000000000000, 0.000000000000000000, 1.000000000000000000 ) ) ;
#1540 = ORIENTED_EDGE ( 'NONE', *, *, #786, .T. ) ;
#1541 = DIRECTION ( 'NONE',  ( -0.000000000000000000, -1.000000000000000000, -0.000000000000000000 ) ) ;
#1542 = ORIENTED_EDGE ( 'NONE', *, *, #1169, .T. ) ;
#1543 = CARTESIAN_POINT ( 'NONE',  ( -18.50000000000000000, 6.999999999999999112, 16.00000000000000000 ) ) ;
#1544 = VECTOR ( 'NONE', #503, 1000.000000000000227 ) ;
#1545 = DIRECTION ( 'NONE',  ( 0.000000000000000000, 0.000000000000000000, 1.000000000000000000 ) ) ;
#1546 = DIRECTION ( 'NONE',  ( -1.000000000000000000, 0.000000000000000000, -0.000000000000000000 ) ) ;
#1547 = DIRECTION ( 'NONE',  ( 0.000000000000000000, 1.000000000000000000, 0.000000000000000000 ) ) ;
#1548 = ORIENTED_EDGE ( 'NONE', *, *, #1775, .F. ) ;
#1549 = PERSON_AND_ORGANIZATION ( #591, #1237 ) ;
#1550 = ORIENTED_EDGE ( 'NONE', *, *, #649, .F. ) ;
#1551 = AXIS2_PLACEMENT_3D ( 'NONE', #1642, #226, #1010 ) ;
#1552 = ORIENTED_EDGE ( 'NONE', *, *, #1941, .F. ) ;
#1553 = ORIENTED_EDGE ( 'NONE', *, *, #703, .T. ) ;
#1554 = DIRECTION ( 'NONE',  ( -0.3524287272412813254, 0.000000000000000000, -0.9358386571493457762 ) ) ;
#1555 = DIRECTION ( 'NONE',  ( -0.000000000000000000, -0.000000000000000000, 1.000000000000000000 ) ) ;
#1556 = DIRECTION ( 'NONE',  ( -0.000000000000000000, -0.000000000000000000, 1.000000000000000000 ) ) ;
#1557 = ORIENTED_EDGE ( 'NONE', *, *, #1143, .F. ) ;
#1558 = CARTESIAN_POINT ( 'NONE',  ( -15.56891399745681603, 0.000000000000000000, 20.00000000000000000 ) ) ;
#1559 = EDGE_CURVE ( 'NONE', #1628, #493, #516, .T. ) ;
#1560 = EDGE_CURVE ( 'NONE', #1044, #1236, #1175, .T. ) ;
#1561 = SHAPE_DEFINITION_REPRESENTATION ( #1958, #1021 ) ;
#1562 = ORIENTED_EDGE ( 'NONE', *, *, #1464, .F. ) ;
#1563 = ORIENTED_EDGE ( 'NONE', *, *, #862, .T. ) ;
#1564 = AXIS2_PLACEMENT_3D ( 'NONE', #1659, #1180, #1158 ) ;
#1565 = FACE_OUTER_BOUND ( 'NONE', #1870, .T. ) ;
#1566 = LINE ( 'NONE', #166, #734 ) ;
#1567 = DIRECTION ( 'NONE',  ( -0.3524287272413050287, 0.000000000000000000, -0.9358386571493366723 ) ) ;
#1568 = EDGE_LOOP ( 'NONE', ( #1511, #1144 ) ) ;
#1569 = CARTESIAN_POINT ( 'NONE',  ( -6.000000000000000000, -8.000000000000000000, -9.099999999999999645 ) ) ;
#1570 = AXIS2_PLACEMENT_3D ( 'NONE', #732, #1457, #1014 ) ;
#1571 = APPROVAL_STATUS ( 'not_yet_approved' ) ;
#1572 = ORIENTED_EDGE ( 'NONE', *, *, #1839, .F. ) ;
#1573 = ADVANCED_FACE ( 'NONE', ( #125 ), #1960, .F. ) ;
#1574 = EDGE_CURVE ( 'NONE', #1575, #154, #1669, .T. ) ;
#1575 = VERTEX_POINT ( 'NONE', #601 ) ;
#1576 = CARTESIAN_POINT ( 'NONE',  ( 6.000000000000000000, -8.000000000000000000, 8.000000000000000000 ) ) ;
#1577 = CARTESIAN_POINT ( 'NONE',  ( 6.000000000000000000, 3.000000000000000000, 8.000000000000000000 ) ) ;
#1578 = FACE_OUTER_BOUND ( 'NONE', #1318, .T. ) ;
#1579 = ORIENTED_EDGE ( 'NONE', *, *, #1796, .T. ) ;
#1580 = DIRECTION ( 'NONE',  ( -0.000000000000000000, -0.000000000000000000, 1.000000000000000000 ) ) ;
#1581 = ADVANCED_FACE ( 'NONE', ( #583, #753, #284 ), #742, .T. ) ;
#1582 = AXIS2_PLACEMENT_3D ( 'NONE', #219, #383, #1634 ) ;
#1583 = ORIENTED_EDGE ( 'NONE', *, *, #1777, .F. ) ;
#1584 = ORIENTED_EDGE ( 'NONE', *, *, #1519, .T. ) ;
#1585 = DIRECTION ( 'NONE',  ( -0.000000000000000000, 1.000000000000000000, -0.000000000000000000 ) ) ;
#1586 = CARTESIAN_POINT ( 'NONE',  ( 24.26649945465551639, 0.000000000000000000, 23.27543530002270700 ) ) ;
#1587 = CARTESIAN_POINT ( 'NONE',  ( 25.49999999999975131, 3.000000000000000000, 10.06891399745681426 ) ) ;
#1588 = DIRECTION ( 'NONE',  ( -1.000000000000000000, 0.000000000000000000, 0.000000000000000000 ) ) ;
#1589 = EDGE_CURVE ( 'NONE', #1692, #113, #667, .T. ) ;
#1590 = CIRCLE ( 'NONE', #289, 1.500000000000001332 ) ;
#1591 = ORIENTED_EDGE ( 'NONE', *, *, #515, .F. ) ;
#1592 = ADVANCED_FACE ( 'NONE', ( #1935 ), #1505, .F. ) ;
#1593 = ORIENTED_EDGE ( 'NONE', *, *, #1777, .T. ) ;
#1594 = CYLINDRICAL_SURFACE ( 'NONE', #146, 1.100000000000000311 ) ;
#1595 = DIRECTION ( 'NONE',  ( 0.000000000000000000, 0.000000000000000000, -1.000000000000000000 ) ) ;
#1596 = DIRECTION ( 'NONE',  ( 0.9358386571493370054, -0.000000000000000000, 0.3524287272413043071 ) ) ;
#1597 = CARTESIAN_POINT ( 'NONE',  ( 25.50000000000000000, 3.000000000000000000, -18.50000000000000000 ) ) ;
#1598 = ADVANCED_FACE ( 'NONE', ( #1367 ), #441, .F. ) ;
#1599 = EDGE_LOOP ( 'NONE', ( #1130, #543, #1018, #770 ) ) ;
#1600 = AXIS2_PLACEMENT_3D ( 'NONE', #1456, #535, #1301 ) ;
#1601 = VERTEX_POINT ( 'NONE', #1976 ) ;
#1602 = FACE_OUTER_BOUND ( 'NONE', #200, .T. ) ;
#1603 = CARTESIAN_POINT ( 'NONE',  ( 25.50000000000000000, 3.000000000000000000, -20.00000000000000000 ) ) ;
#1604 = DIRECTION ( 'NONE',  ( 0.000000000000000000, 0.000000000000000000, -1.000000000000000000 ) ) ;
#1605 = CARTESIAN_POINT ( 'NONE',  ( -25.50000000000000000, 0.000000000000000000, -18.50000000000000355 ) ) ;
#1606 = VECTOR ( 'NONE', #1633, 1000.000000000000000 ) ;
#1607 = ORIENTED_EDGE ( 'NONE', *, *, #84, .T. ) ;
#1608 = VECTOR ( 'NONE', #1069, 1000.000000000000000 ) ;
#1609 = CARTESIAN_POINT ( 'NONE',  ( 25.50000000000000000, 3.000000000000000000, -20.00000000000000000 ) ) ;
#1610 = DIRECTION ( 'NONE',  ( 0.000000000000000000, 0.000000000000000000, 1.000000000000000000 ) ) ;
#1611 = AXIS2_PLACEMENT_3D ( 'NONE', #801, #1410, #1712 ) ;
#1612 = CARTESIAN_POINT ( 'NONE',  ( 28.77543530002267502, 3.000000000000000000, -18.76649945465543823 ) ) ;
#1613 = CARTESIAN_POINT ( 'NONE',  ( 28.77543530002267502, 0.000000000000000000, -18.76649945465543823 ) ) ;
#1614 = EDGE_CURVE ( 'NONE', #309, #168, #1700, .T. ) ;
#1615 = ORIENTED_EDGE ( 'NONE', *, *, #919, .T. ) ;
#1616 = ORIENTED_EDGE ( 'NONE', *, *, #1941, .T. ) ;
#1617 = AXIS2_PLACEMENT_3D ( 'NONE', #1251, #195, #179 ) ;
#1618 = PLANE ( 'NONE',  #1937 ) ;
#1619 = FACE_OUTER_BOUND ( 'NONE', #287, .T. ) ;
#1620 = DIRECTION ( 'NONE',  ( 0.000000000000000000, 0.000000000000000000, -1.000000000000000000 ) ) ;
#1621 = CARTESIAN_POINT ( 'NONE',  ( 0.000000000000000000, 18.00000000000000000, -14.27500000000000036 ) ) ;
#1622 = ORIENTED_EDGE ( 'NONE', *, *, #432, .F. ) ;
#1623 = CARTESIAN_POINT ( 'NONE',  ( -4.900000000000001243, 10.00000000000000000, 25.72500000000000142 ) ) ;
#1624 = CIRCLE ( 'NONE', #1007, 1.100000000000000311 ) ;
#1625 = ORIENTED_EDGE ( 'NONE', *, *, #1087, .F. ) ;
#1626 = VECTOR ( 'NONE', #594, 1000.000000000000000 ) ;
#1627 = LINE ( 'NONE', #1170, #914 ) ;
#1628 = VERTEX_POINT ( 'NONE', #731 ) ;
#1629 = PERSON_AND_ORGANIZATION_ROLE ( 'design_owner' ) ;
#1630 = DIRECTION ( 'NONE',  ( 1.000000000000000000, -0.000000000000000000, 0.000000000000000000 ) ) ;
#1631 = DIRECTION ( 'NONE',  ( -1.000000000000000000, 0.000000000000000000, 0.000000000000000000 ) ) ;
#1632 = ORIENTED_EDGE ( 'NONE', *, *, #931, .F. ) ;
#1633 = DIRECTION ( 'NONE',  ( -0.000000000000000000, -1.000000000000000000, -0.000000000000000000 ) ) ;
#1634 = DIRECTION ( 'NONE',  ( 0.000000000000000000, -0.000000000000000000, 1.000000000000000000 ) ) ;
#1635 = EDGE_CURVE ( 'NONE', #1452, #422, #1645, .T. ) ;
#1636 = ADVANCED_FACE ( 'NONE', ( #1346 ), #252, .F. ) ;
#1637 = ORIENTED_EDGE ( 'NONE', *, *, #1145, .F. ) ;
#1638 = AXIS2_PLACEMENT_3D ( 'NONE', #1526, #905, #882 ) ;
#1639 = AXIS2_PLACEMENT_3D ( 'NONE', #660, #1896, #1274 ) ;
#1640 = DIRECTION ( 'NONE',  ( -1.000000000000000000, 0.000000000000000000, 0.000000000000000000 ) ) ;
#1641 = APPROVAL_STATUS ( 'not_yet_approved' ) ;
#1642 = CARTESIAN_POINT ( 'NONE',  ( 24.26649945465551639, 3.000000000000000000, 23.27543530002270700 ) ) ;
#1643 = LINE ( 'NONE', #82, #1431 ) ;
#1644 = ORIENTED_EDGE ( 'NONE', *, *, #1719, .T. ) ;
#1645 = LINE ( 'NONE', #1780, #928 ) ;
#1646 = DIRECTION ( 'NONE',  ( 0.000000000000000000, -0.000000000000000000, 1.000000000000000000 ) ) ;
#1647 = DIRECTION ( 'NONE',  ( 0.000000000000000000, 0.000000000000000000, 1.000000000000000000 ) ) ;
#1648 = EDGE_CURVE ( 'NONE', #1426, #1677, #273, .T. ) ;
#1649 = CARTESIAN_POINT ( 'NONE',  ( -17.02499999999999858, 18.00000000000000000, 14.27500000000000036 ) ) ;
#1650 = AXIS2_PLACEMENT_3D ( 'NONE', #1096, #10, #1388 ) ;
#1651 = CYLINDRICAL_SURFACE ( 'NONE', #158, 1.499999999999997780 ) ;
#1652 = FACE_OUTER_BOUND ( 'NONE', #1396, .T. ) ;
#1653 = LINE ( 'NONE', #1915, #1306 ) ;
#1654 = EDGE_CURVE ( 'NONE', #422, #942, #892, .T. ) ;
#1655 = CARTESIAN_POINT ( 'NONE',  ( -25.50000000000000000, 3.000000000000000000, -18.50000000000000355 ) ) ;
#1656 = ORIENTED_EDGE ( 'NONE', *, *, #1509, .F. ) ;
#1657 = ORIENTED_EDGE ( 'NONE', *, *, #992, .F. ) ;
#1658 = EDGE_LOOP ( 'NONE', ( #322, #145 ) ) ;
#1659 = CARTESIAN_POINT ( 'NONE',  ( 0.000000000000000000, 0.000000000000000000, 0.000000000000000000 ) ) ;
#1660 = LINE ( 'NONE', #1503, #1140 ) ;
#1661 = AXIS2_PLACEMENT_3D ( 'NONE', #1173, #372, #1631 ) ;
#1662 = CARTESIAN_POINT ( 'NONE',  ( -15.56891399745681603, 3.000000000000000000, -20.00000000000000000 ) ) ;
#1663 = DIRECTION ( 'NONE',  ( 0.000000000000000000, 0.000000000000000000, 1.000000000000000000 ) ) ;
#1664 = FACE_OUTER_BOUND ( 'NONE', #1957, .T. ) ;
#1665 = DIRECTION ( 'NONE',  ( 0.000000000000000000, 0.000000000000000000, 1.000000000000000000 ) ) ;
#1666 = ORIENTED_EDGE ( 'NONE', *, *, #387, .F. ) ;
#1667 = VERTEX_POINT ( 'NONE', #241 ) ;
#1668 = DIRECTION ( 'NONE',  ( 0.000000000000000000, 1.000000000000000000, 0.000000000000000000 ) ) ;
#1669 = LINE ( 'NONE', #1323, #206 ) ;
#1670 = DIRECTION ( 'NONE',  ( 0.000000000000000000, 0.000000000000000000, 1.000000000000000000 ) ) ;
#1671 = CARTESIAN_POINT ( 'NONE',  ( 7.099999999999997868, 10.00000000000000000, -14.27500000000000036 ) ) ;
#1672 = CC_DESIGN_DATE_AND_TIME_ASSIGNMENT ( #391, #171, ( #526 ) ) ;
#1673 = VERTEX_POINT ( 'NONE', #1482 ) ;
#1674 = LINE ( 'NONE', #921, #1445 ) ;
#1675 = EDGE_CURVE ( 'NONE', #1575, #1270, #85, .T. ) ;
#1676 = ORIENTED_EDGE ( 'NONE', *, *, #1536, .T. ) ;
#1677 = VERTEX_POINT ( 'NONE', #407 ) ;
#1678 = CARTESIAN_POINT ( 'NONE',  ( -25.50000000000000000, 3.000000000000000000, 18.50000000000000000 ) ) ;
#1679 = LINE ( 'NONE', #306, #1215 ) ;
#1680 = PLANE ( 'NONE',  #1114 ) ;
#1681 = VECTOR ( 'NONE', #161, 1000.000000000000000 ) ;
#1682 = CARTESIAN_POINT ( 'NONE',  ( 7.099999999999997868, 10.00000000000000000, 25.72500000000000142 ) ) ;
#1683 = EDGE_LOOP ( 'NONE', ( #1345, #1115, #468, #327 ) ) ;
#1684 = VECTOR ( 'NONE', #865, 1000.000000000000000 ) ;
#1685 = DIRECTION ( 'NONE',  ( 0.000000000000000000, 0.000000000000000000, -1.000000000000000000 ) ) ;
#1686 = EDGE_LOOP ( 'NONE', ( #92, #1485, #1471, #1103 ) ) ;
#1687 = LINE ( 'NONE', #1967, #1754 ) ;
#1688 = PLANE ( 'NONE',  #895 ) ;
#1689 = CARTESIAN_POINT ( 'NONE',  ( 6.000000000000000000, -8.000000000000000000, 6.900000000000000355 ) ) ;
#1690 = VECTOR ( 'NONE', #249, 1000.000000000000000 ) ;
#1691 = DIRECTION ( 'NONE',  ( 0.000000000000000000, 0.000000000000000000, 1.000000000000000000 ) ) ;
#1692 = VERTEX_POINT ( 'NONE', #1335 ) ;
#1693 = EDGE_CURVE ( 'NONE', #1745, #1484, #985, .T. ) ;
#1694 = COORDINATED_UNIVERSAL_TIME_OFFSET ( 0, 0, .AHEAD. ) ;
#1695 = ORIENTED_EDGE ( 'NONE', *, *, #1384, .F. ) ;
#1696 = DIRECTION ( 'NONE',  ( 0.000000000000000000, 0.000000000000000000, 1.000000000000000000 ) ) ;
#1697 = ORIENTED_EDGE ( 'NONE', *, *, #230, .T. ) ;
#1698 = EDGE_LOOP ( 'NONE', ( #1832, #188, #1113, #617 ) ) ;
#1699 = CARTESIAN_POINT ( 'NONE',  ( -25.50000000000000000, 3.000000000000000000, -23.50000000000000000 ) ) ;
#1700 = CIRCLE ( 'NONE', #1638, 1.100000000000000311 ) ;
#1701 = DIRECTION ( 'NONE',  ( 0.000000000000000000, 1.000000000000000000, 0.000000000000000000 ) ) ;
#1702 = AXIS2_PLACEMENT_3D ( 'NONE', #733, #1381, #1359 ) ;
#1703 = CARTESIAN_POINT ( 'NONE',  ( 25.50000000000000000, 0.000000000000000000, -20.00000000000000000 ) ) ;
#1704 = ORIENTED_EDGE ( 'NONE', *, *, #515, .T. ) ;
#1705 = CARTESIAN_POINT ( 'NONE',  ( -6.000000000000000000, 0.000000000000000000, -9.099999999999999645 ) ) ;
#1706 = AXIS2_PLACEMENT_3D ( 'NONE', #514, #643, #1567 ) ;
#1707 = ORIENTED_EDGE ( 'NONE', *, *, #587, .T. ) ;
#1708 = ADVANCED_FACE ( 'NONE', ( #1652, #262 ), #176, .T. ) ;
#1709 = EDGE_LOOP ( 'NONE', ( #1222, #1469, #730, #412 ) ) ;
#1710 = CARTESIAN_POINT ( 'NONE',  ( 6.000000000000000000, 0.000000000000000000, 6.900000000000000355 ) ) ;
#1711 = DIRECTION ( 'NONE',  ( 0.000000000000000000, 1.000000000000000000, 0.000000000000000000 ) ) ;
#1712 = DIRECTION ( 'NONE',  ( 0.000000000000000000, 0.000000000000000000, -1.000000000000000000 ) ) ;
#1713 = ORIENTED_EDGE ( 'NONE', *, *, #1868, .T. ) ;
#1714 = LINE ( 'NONE', #320, #1102 ) ;
#1715 = EDGE_CURVE ( 'NONE', #1200, #889, #409, .T. ) ;
#1716 = ADVANCED_FACE ( 'NONE', ( #916 ), #1688, .F. ) ;
#1717 = ORIENTED_EDGE ( 'NONE', *, *, #581, .T. ) ;
#1718 = EDGE_CURVE ( 'NONE', #31, #1426, #313, .T. ) ;
#1719 = EDGE_CURVE ( 'NONE', #1044, #715, #4, .T. ) ;
#1720 = CARTESIAN_POINT ( 'NONE',  ( 25.50000000000000000, 3.000000000000000000, 18.50000000000000000 ) ) ;
#1721 = DIRECTION ( 'NONE',  ( -0.000000000000000000, -0.000000000000000000, 1.000000000000000000 ) ) ;
#1722 = VERTEX_POINT ( 'NONE', #1537 ) ;
#1723 = DIRECTION ( 'NONE',  ( 0.000000000000000000, 1.000000000000000000, 0.000000000000000000 ) ) ;
#1724 = VECTOR ( 'NONE', #307, 1000.000000000000000 ) ;
#1725 = CIRCLE ( 'NONE', #1015, 1.100000000000000311 ) ;
#1726 = ORIENTED_EDGE ( 'NONE', *, *, #995, .T. ) ;
#1727 = ORIENTED_EDGE ( 'NONE', *, *, #152, .F. ) ;
#1728 = CARTESIAN_POINT ( 'NONE',  ( -24.26649945465551639, 0.000000000000000000, 23.27543530002270700 ) ) ;
#1729 = CARTESIAN_POINT ( 'NONE',  ( 25.50000000000000000, 0.000000000000000000, -20.00000000000000000 ) ) ;
#1730 = EDGE_CURVE ( 'NONE', #1189, #1677, #1473, .T. ) ;
#1731 = DIRECTION ( 'NONE',  ( 0.000000000000000000, 1.000000000000000000, 0.000000000000000000 ) ) ;
#1732 = CARTESIAN_POINT ( 'NONE',  ( -25.50000000000000000, 3.000000000000000000, -21.50000000000000000 ) ) ;
#1733 = AXIS2_PLACEMENT_3D ( 'NONE', #1837, #450, #462 ) ;
#1734 = CIRCLE ( 'NONE', #1639, 1.100000000000000311 ) ;
#1735 = EDGE_CURVE ( 'NONE', #1401, #65, #112, .T. ) ;
#1736 = AXIS2_PLACEMENT_3D ( 'NONE', #1766, #1490, #58 ) ;
#1737 = ORIENTED_EDGE ( 'NONE', *, *, #1460, .T. ) ;
#1738 = EDGE_CURVE ( 'NONE', #525, #568, #695, .T. ) ;
#1739 = EDGE_CURVE ( 'NONE', #180, #847, #1566, .T. ) ;
#1740 = ORIENTED_EDGE ( 'NONE', *, *, #56, .F. ) ;
#1741 = DIRECTION ( 'NONE',  ( 0.000000000000000000, 0.000000000000000000, 1.000000000000000000 ) ) ;
#1742 = LINE ( 'NONE', #203, #1794 ) ;
#1743 = DIRECTION ( 'NONE',  ( -1.000000000000000000, 0.000000000000000000, 0.000000000000000000 ) ) ;
#1744 = DIRECTION ( 'NONE',  ( -1.000000000000000000, 0.000000000000000000, 0.000000000000000000 ) ) ;
#1745 = VERTEX_POINT ( 'NONE', #760 ) ;
#1746 = AXIS2_PLACEMENT_3D ( 'NONE', #440, #1987, #1046 ) ;
#1747 = ORIENTED_EDGE ( 'NONE', *, *, #1067, .T. ) ;
#1748 = DIRECTION ( 'NONE',  ( 0.000000000000000000, 0.000000000000000000, 1.000000000000000000 ) ) ;
#1749 = FACE_OUTER_BOUND ( 'NONE', #1374, .T. ) ;
#1750 = CARTESIAN_POINT ( 'NONE',  ( -18.50000000000000000, 7.000000000000000000, -16.00000000000000000 ) ) ;
#1751 = CARTESIAN_POINT ( 'NONE',  ( -25.50000000000000000, 3.000000000000000000, 21.50000000000000000 ) ) ;
#1752 = ORIENTED_EDGE ( 'NONE', *, *, #1, .T. ) ;
#1753 = ORIENTED_EDGE ( 'NONE', *, *, #864, .T. ) ;
#1754 = VECTOR ( 'NONE', #418, 1000.000000000000000 ) ;
#1755 = DIRECTION ( 'NONE',  ( 0.000000000000000000, 1.000000000000000000, 0.000000000000000000 ) ) ;
#1756 = DIRECTION ( 'NONE',  ( 0.000000000000000000, 1.000000000000000000, 0.000000000000000000 ) ) ;
#1757 = CARTESIAN_POINT ( 'NONE',  ( -18.50000000000000000, 18.00000000000000000, 0.000000000000000000 ) ) ;
#1758 = CARTESIAN_POINT ( 'NONE',  ( 18.50000000000000000, 18.00000000000000000, 16.00000000000000000 ) ) ;
#1759 = ADVANCED_FACE ( 'NONE', ( #12 ), #317, .F. ) ;
#1760 = ADVANCED_FACE ( 'NONE', ( #491 ), #937, .F. ) ;
#1761 = VECTOR ( 'NONE', #560, 1000.000000000000000 ) ;
#1762 = ORIENTED_EDGE ( 'NONE', *, *, #1290, .F. ) ;
#1763 = DIRECTION ( 'NONE',  ( -0.000000000000000000, -1.000000000000000000, -0.000000000000000000 ) ) ;
#1764 = LINE ( 'NONE', #1117, #43 ) ;
#1765 = AXIS2_PLACEMENT_3D ( 'NONE', #946, #1556, #1400 ) ;
#1766 = CARTESIAN_POINT ( 'NONE',  ( 6.000000000000000000, 3.000000000000000000, -8.000000000000000000 ) ) ;
#1767 = CARTESIAN_POINT ( 'NONE',  ( 18.50000000000000000, 6.999999999999999112, -16.00000000000000000 ) ) ;
#1768 = ORIENTED_EDGE ( 'NONE', *, *, #849, .F. ) ;
#1769 = PLANE ( 'NONE',  #1582 ) ;
#1770 = ORIENTED_EDGE ( 'NONE', *, *, #1730, .F. ) ;
#1771 = AXIS2_PLACEMENT_3D ( 'NONE', #1944, #68, #1037 ) ;
#1772 = AXIS2_PLACEMENT_3D ( 'NONE', #1108, #803, #1269 ) ;
#1773 = LINE ( 'NONE', #704, #128 ) ;
#1774 = COORDINATED_UNIVERSAL_TIME_OFFSET ( 0, 0, .AHEAD. ) ;
#1775 = EDGE_CURVE ( 'NONE', #763, #1692, #1256, .T. ) ;
#1776 = CARTESIAN_POINT ( 'NONE',  ( -15.56891399745681603, 3.000000000000000000, -20.00000000000000000 ) ) ;
#1777 = EDGE_CURVE ( 'NONE', #83, #629, #638, .T. ) ;
#1778 = DIRECTION ( 'NONE',  ( -0.000000000000000000, 1.000000000000000000, -0.000000000000000000 ) ) ;
#1779 = EDGE_LOOP ( 'NONE', ( #1943, #1926, #824, #375 ) ) ;
#1780 = CARTESIAN_POINT ( 'NONE',  ( -25.49999999999975131, 3.000000000000000000, 10.06891399745681426 ) ) ;
#1781 = CARTESIAN_POINT ( 'NONE',  ( -7.100000000000002309, 10.00000000000000000, 16.00000000000000000 ) ) ;
#1782 = AXIS2_PLACEMENT_3D ( 'NONE', #829, #990, #1450 ) ;
#1783 = ORIENTED_EDGE ( 'NONE', *, *, #605, .F. ) ;
#1784 = DIRECTION ( 'NONE',  ( 0.000000000000000000, 0.000000000000000000, -1.000000000000000000 ) ) ;
#1785 = EDGE_LOOP ( 'NONE', ( #1062, #60 ) ) ;
#1786 = CARTESIAN_POINT ( 'NONE',  ( 24.26649945465551639, 3.000000000000000000, -23.27543530002270700 ) ) ;
#1787 = CARTESIAN_POINT ( 'NONE',  ( 24.26649945465551639, 3.000000000000000000, -23.27543530002270700 ) ) ;
#1788 = ORIENTED_EDGE ( 'NONE', *, *, #1206, .F. ) ;
#1789 = DIRECTION ( 'NONE',  ( -0.000000000000000000, -1.000000000000000000, -0.000000000000000000 ) ) ;
#1790 = DIRECTION ( 'NONE',  ( -0.000000000000000000, -1.000000000000000000, -0.000000000000000000 ) ) ;
#1791 = EDGE_CURVE ( 'NONE', #164, #1236, #1417, .T. ) ;
#1792 = VERTEX_POINT ( 'NONE', #1064 ) ;
#1793 = ORIENTED_EDGE ( 'NONE', *, *, #50, .T. ) ;
#1794 = VECTOR ( 'NONE', #370, 1000.000000000000000 ) ;
#1795 = FACE_BOUND ( 'NONE', #1811, .T. ) ;
#1796 = EDGE_CURVE ( 'NONE', #913, #816, #1679, .T. ) ;
#1797 = CYLINDRICAL_SURFACE ( 'NONE', #1147, 4.000000000000000000 ) ;
#1798 = FACE_OUTER_BOUND ( 'NONE', #1599, .T. ) ;
#1799 = ORIENTED_EDGE ( 'NONE', *, *, #919, .F. ) ;
#1800 = DIRECTION ( 'NONE',  ( 0.000000000000000000, 0.000000000000000000, 1.000000000000000000 ) ) ;
#1801 = CARTESIAN_POINT ( 'NONE',  ( 4.899999999999998579, 10.00000000000000000, -14.27500000000000036 ) ) ;
#1802 = CARTESIAN_POINT ( 'NONE',  ( -18.50000000000000000, 18.00000000000000000, -16.00000000000000000 ) ) ;
#1803 = ORIENTED_EDGE ( 'NONE', *, *, #703, .F. ) ;
#1804 = VERTEX_POINT ( 'NONE', #148 ) ;
#1805 = APPROVAL_ROLE ( '' ) ;
#1806 = CARTESIAN_POINT ( 'NONE',  ( 7.099999999999997868, 10.00000000000000000, -15.99999999999999645 ) ) ;
#1807 = CARTESIAN_POINT ( 'NONE',  ( 25.49999999999975131, 3.000000000000000000, -10.06891399745681426 ) ) ;
#1808 = DIRECTION ( 'NONE',  ( 0.000000000000000000, 0.000000000000000000, -1.000000000000000000 ) ) ;
#1809 = CARTESIAN_POINT ( 'NONE',  ( 18.50000000000000000, 6.999999999999999112, -16.00000000000000000 ) ) ;
#1810 = DIRECTION ( 'NONE',  ( 0.000000000000000000, 0.000000000000000000, 1.000000000000000000 ) ) ;
#1811 = EDGE_LOOP ( 'NONE', ( #1451, #978 ) ) ;
#1812 = VECTOR ( 'NONE', #442, 1000.000000000000000 ) ;
#1813 = EDGE_LOOP ( 'NONE', ( #319, #1090, #1458, #197 ) ) ;
#1814 = CARTESIAN_POINT ( 'NONE',  ( 18.50000000000000000, 18.00000000000000000, 16.00000000000000000 ) ) ;
#1815 = AXIS2_PLACEMENT_3D ( 'NONE', #885, #276, #266 ) ;
#1816 = DIRECTION ( 'NONE',  ( -1.000000000000000000, 0.000000000000000000, 0.000000000000000000 ) ) ;
#1817 = CARTESIAN_POINT ( 'NONE',  ( -28.77543530002267502, 3.000000000000000000, 18.76649945465543823 ) ) ;
#1818 = DIRECTION ( 'NONE',  ( 0.000000000000000000, 0.000000000000000000, -1.000000000000000000 ) ) ;
#1819 = EDGE_CURVE ( 'NONE', #1484, #1745, #606, .T. ) ;
#1820 = EDGE_CURVE ( 'NONE', #65, #1401, #1025, .T. ) ;
#1821 = EDGE_CURVE ( 'NONE', #493, #793, #474, .T. ) ;
#1822 = ORIENTED_EDGE ( 'NONE', *, *, #1017, .T. ) ;
#1823 = AXIS2_PLACEMENT_3D ( 'NONE', #569, #396, #1196 ) ;
#1824 = VERTEX_POINT ( 'NONE', #677 ) ;
#1825 = AXIS2_PLACEMENT_3D ( 'NONE', #721, #1336, #1949 ) ;
#1826 = EDGE_CURVE ( 'NONE', #180, #1101, #661, .T. ) ;
#1827 = LINE ( 'NONE', #136, #196 ) ;
#1828 = CARTESIAN_POINT ( 'NONE',  ( -6.000000000000001776, 10.00000000000000000, -15.99999999999999645 ) ) ;
#1829 = CARTESIAN_POINT ( 'NONE',  ( 18.50000000000000355, 4.656854249492379694, 16.00000000000000000 ) ) ;
#1830 = LINE ( 'NONE', #296, #501 ) ;
#1831 = MANIFOLD_SOLID_BREP ( 'Fillet1', #1052 ) ;
#1832 = ORIENTED_EDGE ( 'NONE', *, *, #1273, .T. ) ;
#1833 = DIRECTION ( 'NONE',  ( 0.000000000000000000, 0.000000000000000000, -1.000000000000000000 ) ) ;
#1834 = ORIENTED_EDGE ( 'NONE', *, *, #215, .T. ) ;
#1835 = DIRECTION ( 'NONE',  ( 0.000000000000000000, 0.000000000000000000, 1.000000000000000000 ) ) ;
#1836 = AXIS2_PLACEMENT_3D ( 'NONE', #1603, #1428, #1454 ) ;
#1837 = CARTESIAN_POINT ( 'NONE',  ( 25.50000000000000000, 3.000000000000000000, 20.00000000000000000 ) ) ;
#1838 = DIRECTION ( 'NONE',  ( -0.000000000000000000, 1.000000000000000000, -0.000000000000000000 ) ) ;
#1839 = EDGE_CURVE ( 'NONE', #847, #968, #670, .T. ) ;
#1840 = VECTOR ( 'NONE', #1420, 1000.000000000000000 ) ;
#1841 = CARTESIAN_POINT ( 'NONE',  ( -6.000000000000001776, 10.00000000000000000, 25.72500000000000142 ) ) ;
#1842 = EDGE_LOOP ( 'NONE', ( #382, #333 ) ) ;
#1843 = PERSON_AND_ORGANIZATION ( #591, #1237 ) ;
#1844 = APPROVAL_PERSON_ORGANIZATION ( #1352, #541, #1805 ) ;
#1845 = EDGE_LOOP ( 'NONE', ( #18, #1003, #1034, #1863 ) ) ;
#1846 = CARTESIAN_POINT ( 'NONE',  ( -25.50000000000000000, 3.000000000000000000, -20.00000000000000000 ) ) ;
#1847 = ORIENTED_EDGE ( 'NONE', *, *, #702, .F. ) ;
#1848 = CARTESIAN_POINT ( 'NONE',  ( 25.50000000000000000, 3.000000000000000000, 20.00000000000000000 ) ) ;
#1849 = DIRECTION ( 'NONE',  ( 0.000000000000000000, 0.000000000000000000, 1.000000000000000000 ) ) ;
#1850 = FACE_OUTER_BOUND ( 'NONE', #1779, .T. ) ;
#1851 = ORIENTED_EDGE ( 'NONE', *, *, #1654, .F. ) ;
#1852 = CARTESIAN_POINT ( 'NONE',  ( -6.000000000000000000, 3.000000000000000000, 9.099999999999999645 ) ) ;
#1853 = VECTOR ( 'NONE', #1778, 1000.000000000000000 ) ;
#1854 = EDGE_CURVE ( 'NONE', #232, #1522, #1742, .T. ) ;
#1855 = VERTEX_POINT ( 'NONE', #1880 ) ;
#1856 = ORIENTED_EDGE ( 'NONE', *, *, #1820, .F. ) ;
#1857 = DIRECTION ( 'NONE',  ( -0.000000000000000000, -1.000000000000000000, -0.000000000000000000 ) ) ;
#1858 = EDGE_CURVE ( 'NONE', #692, #113, #1764, .T. ) ;
#1859 = VECTOR ( 'NONE', #953, 1000.000000000000000 ) ;
#1860 = DIRECTION ( 'NONE',  ( -1.000000000000000000, -0.000000000000000000, -0.000000000000000000 ) ) ;
#1861 = AXIS2_PLACEMENT_3D ( 'NONE', #275, #1059, #1539 ) ;
#1862 = DIRECTION ( 'NONE',  ( 0.000000000000000000, 0.000000000000000000, 1.000000000000000000 ) ) ;
#1863 = ORIENTED_EDGE ( 'NONE', *, *, #1738, .T. ) ;
#1864 = FACE_OUTER_BOUND ( 'NONE', #1887, .T. ) ;
#1865 = APPLICATION_CONTEXT ( 'configuration controlled 3d designs of mechanical parts and assemblies' ) ;
#1866 = AXIS2_PLACEMENT_3D ( 'NONE', #336, #1731, #346 ) ;
#1867 = ORIENTED_EDGE ( 'NONE', *, *, #1635, .F. ) ;
#1868 = EDGE_CURVE ( 'NONE', #692, #763, #1181, .T. ) ;
#1869 = EDGE_CURVE ( 'NONE', #1212, #1165, #686, .T. ) ;
#1870 = EDGE_LOOP ( 'NONE', ( #1512, #575, #1552, #52 ) ) ;
#1871 = CARTESIAN_POINT ( 'NONE',  ( -15.56891399745681603, 3.000000000000000000, -20.00000000000000000 ) ) ;
#1872 = DIRECTION ( 'NONE',  ( -0.000000000000000000, -1.000000000000000000, -0.000000000000000000 ) ) ;
#1873 = ORIENTED_EDGE ( 'NONE', *, *, #1877, .F. ) ;
#1874 = DIRECTION ( 'NONE',  ( 0.000000000000000000, 0.000000000000000000, -1.000000000000000000 ) ) ;
#1875 = CIRCLE ( 'NONE', #122, 1.500000000000001332 ) ;
#1876 = ORIENTED_EDGE ( 'NONE', *, *, #387, .T. ) ;
#1877 = EDGE_CURVE ( 'NONE', #1673, #866, #1897, .T. ) ;
#1878 = VECTOR ( 'NONE', #102, 1000.000000000000000 ) ;
#1879 = CARTESIAN_POINT ( 'NONE',  ( -6.000000000000000000, 3.000000000000000000, 8.000000000000000000 ) ) ;
#1880 = CARTESIAN_POINT ( 'NONE',  ( -6.000000000000000000, 3.000000000000000000, -6.899999999999998579 ) ) ;
#1881 = CYLINDRICAL_SURFACE ( 'NONE', #377, 1.099999999999999423 ) ;
#1882 = FACE_OUTER_BOUND ( 'NONE', #1387, .T. ) ;
#1883 = VECTOR ( 'NONE', #1546, 1000.000000000000000 ) ;
#1884 = EDGE_CURVE ( 'NONE', #1414, #1914, #550, .T. ) ;
#1885 = CIRCLE ( 'NONE', #339, 3.499999999999996003 ) ;
#1886 = ORIENTED_EDGE ( 'NONE', *, *, #862, .F. ) ;
#1887 = EDGE_LOOP ( 'NONE', ( #1803, #246, #1264, #270 ) ) ;
#1888 = LINE ( 'NONE', #20, #74 ) ;
#1889 = DIRECTION ( 'NONE',  ( -0.000000000000000000, 1.000000000000000000, -0.000000000000000000 ) ) ;
#1890 = PLANE ( 'NONE',  #1706 ) ;
#1891 = CARTESIAN_POINT ( 'NONE',  ( -25.49999999999975131, 3.000000000000000000, 10.06891399745681426 ) ) ;
#1892 = AXIS2_PLACEMENT_3D ( 'NONE', #1185, #871, #1800 ) ;
#1893 = AXIS2_PLACEMENT_3D ( 'NONE', #717, #1604, #1320 ) ;
#1894 = ORIENTED_EDGE ( 'NONE', *, *, #1110, .T. ) ;
#1895 = ORIENTED_EDGE ( 'NONE', *, *, #513, .F. ) ;
#1896 = DIRECTION ( 'NONE',  ( 0.000000000000000000, 1.000000000000000000, 0.000000000000000000 ) ) ;
#1897 = LINE ( 'NONE', #1586, #969 ) ;
#1898 = CARTESIAN_POINT ( 'NONE',  ( -22.50000000000000000, 3.000000000000000000, -20.00000000000000000 ) ) ;
#1899 = DIRECTION ( 'NONE',  ( 0.000000000000000000, 0.000000000000000000, 1.000000000000000000 ) ) ;
#1900 = ORIENTED_EDGE ( 'NONE', *, *, #209, .F. ) ;
#1901 = ORIENTED_EDGE ( 'NONE', *, *, #725, .F. ) ;
#1902 = VECTOR ( 'NONE', #1857, 1000.000000000000000 ) ;
#1903 = EDGE_CURVE ( 'NONE', #1917, #1302, #186, .T. ) ;
#1904 = DIRECTION ( 'NONE',  ( 0.000000000000000000, 0.000000000000000000, -1.000000000000000000 ) ) ;
#1905 = CARTESIAN_POINT ( 'NONE',  ( 5.999999999999998224, 10.00000000000000000, -15.99999999999999645 ) ) ;
#1906 = CARTESIAN_POINT ( 'NONE',  ( 25.50000000000000000, 0.000000000000000000, -23.50000000000000000 ) ) ;
#1907 = DIRECTION ( 'NONE',  ( 0.000000000000000000, 0.000000000000000000, 1.000000000000000000 ) ) ;
#1908 = ORIENTED_EDGE ( 'NONE', *, *, #1884, .T. ) ;
#1909 = AXIS2_PLACEMENT_3D ( 'NONE', #857, #1028, #1295 ) ;
#1910 = LINE ( 'NONE', #175, #1380 ) ;
#1911 = DIRECTION ( 'NONE',  ( 0.000000000000000000, 1.000000000000000000, 0.000000000000000000 ) ) ;
#1912 = CARTESIAN_POINT ( 'NONE',  ( -17.02499999999999858, 18.00000000000000000, 0.000000000000000000 ) ) ;
#1913 = CARTESIAN_POINT ( 'NONE',  ( 25.50000000000000000, 0.000000000000000000, -18.50000000000000000 ) ) ;
#1914 = VERTEX_POINT ( 'NONE', #997 ) ;
#1915 = CARTESIAN_POINT ( 'NONE',  ( 18.50000000000000000, 7.000000000000000000, -16.00000000000000000 ) ) ;
#1916 = EDGE_CURVE ( 'NONE', #114, #1121, #1590, .T. ) ;
#1917 = VERTEX_POINT ( 'NONE', #33 ) ;
#1918 = ORIENTED_EDGE ( 'NONE', *, *, #662, .F. ) ;
#1919 = EDGE_CURVE ( 'NONE', #629, #83, #710, .T. ) ;
#1920 = CARTESIAN_POINT ( 'NONE',  ( -24.26649945465551639, 3.000000000000000000, -23.27543530002270700 ) ) ;
#1921 =( LENGTH_UNIT ( ) NAMED_UNIT ( * ) SI_UNIT ( .MILLI., .METRE. ) );
#1922 = FACE_OUTER_BOUND ( 'NONE', #240, .T. ) ;
#1923 = LINE ( 'NONE', #1142, #1053 ) ;
#1924 = ORIENTED_EDGE ( 'NONE', *, *, #1024, .F. ) ;
#1925 = DIRECTION ( 'NONE',  ( 0.000000000000000000, 0.000000000000000000, -1.000000000000000000 ) ) ;
#1926 = ORIENTED_EDGE ( 'NONE', *, *, #142, .T. ) ;
#1927 = ORIENTED_EDGE ( 'NONE', *, *, #725, .T. ) ;
#1928 = AXIS2_PLACEMENT_3D ( 'NONE', #57, #1756, #1610 ) ;
#1929 = AXIS2_PLACEMENT_3D ( 'NONE', #165, #622, #771 ) ;
#1930 = FACE_BOUND ( 'NONE', #876, .T. ) ;
#1931 = DIRECTION ( 'NONE',  ( 1.000000000000000000, -0.000000000000000000, 0.000000000000000000 ) ) ;
#1932 = CARTESIAN_POINT ( 'NONE',  ( 28.77543530002267502, 3.000000000000000000, -18.76649945465543823 ) ) ;
#1933 = ORIENTED_EDGE ( 'NONE', *, *, #1877, .T. ) ;
#1934 = EDGE_CURVE ( 'NONE', #568, #493, #1421, .T. ) ;
#1935 = FACE_OUTER_BOUND ( 'NONE', #1709, .T. ) ;
#1936 = DIRECTION ( 'NONE',  ( 0.000000000000000000, 1.000000000000000000, 0.000000000000000000 ) ) ;
#1937 = AXIS2_PLACEMENT_3D ( 'NONE', #1954, #726, #1475 ) ;
#1938 = ADVANCED_FACE ( 'NONE', ( #1749 ), #1463, .F. ) ;
#1939 = ORIENTED_EDGE ( 'NONE', *, *, #1235, .F. ) ;
#1940 = VERTEX_POINT ( 'NONE', #1126 ) ;
#1941 = EDGE_CURVE ( 'NONE', #300, #1044, #1439, .T. ) ;
#1942 = FACE_BOUND ( 'NONE', #172, .T. ) ;
#1943 = ORIENTED_EDGE ( 'NONE', *, *, #769, .F. ) ;
#1944 = CARTESIAN_POINT ( 'NONE',  ( 22.50000000000000355, 7.000000000000000000, -20.00000000000000000 ) ) ;
#1945 = DIRECTION ( 'NONE',  ( 0.000000000000000000, 0.000000000000000000, 1.000000000000000000 ) ) ;
#1946 = DIRECTION ( 'NONE',  ( 0.000000000000000000, 0.000000000000000000, -1.000000000000000000 ) ) ;
#1947 = VERTEX_POINT ( 'NONE', #533 ) ;
#1948 = CARTESIAN_POINT ( 'NONE',  ( 5.999999999999998224, 10.00000000000000000, 14.27500000000000036 ) ) ;
#1949 = DIRECTION ( 'NONE',  ( 0.000000000000000000, 0.000000000000000000, -1.000000000000000000 ) ) ;
#1950 = DIRECTION ( 'NONE',  ( 0.000000000000000000, 1.000000000000000000, 0.000000000000000000 ) ) ;
#1951 = AXIS2_PLACEMENT_3D ( 'NONE', #1248, #157, #924 ) ;
#1952 = CIRCLE ( 'NONE', #896, 3.499999999999996003 ) ;
#1953 = ORIENTED_EDGE ( 'NONE', *, *, #1405, .T. ) ;
#1954 = CARTESIAN_POINT ( 'NONE',  ( -25.50000000000000000, 0.000000000000000000, -20.00000000000000000 ) ) ;
#1955 = ORIENTED_EDGE ( 'NONE', *, *, #1194, .F. ) ;
#1956 = LINE ( 'NONE', #1183, #632 ) ;
#1957 = EDGE_LOOP ( 'NONE', ( #1747, #1184, #1363, #1501 ) ) ;
#1958 = PRODUCT_DEFINITION_SHAPE ( 'NONE', 'NONE',  #833 ) ;
#1959 = VECTOR ( 'NONE', #792, 1000.000000000000114 ) ;
#1960 = PLANE ( 'NONE',  #572 ) ;
#1961 = CARTESIAN_POINT ( 'NONE',  ( 25.50000000000000000, 3.000000000000000000, -20.00000000000000000 ) ) ;
#1962 = CYLINDRICAL_SURFACE ( 'NONE', #735, 1.100000000000000311 ) ;
#1963 = DIRECTION ( 'NONE',  ( 0.000000000000000000, 0.000000000000000000, 1.000000000000000000 ) ) ;
#1964 = ORIENTED_EDGE ( 'NONE', *, *, #537, .T. ) ;
#1965 = PERSON_AND_ORGANIZATION_ROLE ( 'creator' ) ;
#1966 = ADVANCED_FACE ( 'NONE', ( #528 ), #654, .T. ) ;
#1967 = CARTESIAN_POINT ( 'NONE',  ( -17.02499999999999858, 18.00000000000000000, -14.27500000000000036 ) ) ;
#1968 = CARTESIAN_POINT ( 'NONE',  ( -28.77543530002267502, 0.000000000000000000, 18.76649945465543823 ) ) ;
#1969 = CARTESIAN_POINT ( 'NONE',  ( -28.77543530002267502, 3.000000000000000000, 18.76649945465543823 ) ) ;
#1970 = DIRECTION ( 'NONE',  ( 0.000000000000000000, 1.000000000000000000, 0.000000000000000000 ) ) ;
#1971 = DIRECTION ( 'NONE',  ( 0.000000000000000000, 1.000000000000000000, 0.000000000000000000 ) ) ;
#1972 = ORIENTED_EDGE ( 'NONE', *, *, #77, .F. ) ;
#1973 = VECTOR ( 'NONE', #264, 1000.000000000000000 ) ;
#1974 = DIRECTION ( 'NONE',  ( -0.000000000000000000, 0.000000000000000000, -1.000000000000000000 ) ) ;
#1975 = VECTOR ( 'NONE', #938, 1000.000000000000114 ) ;
#1976 = CARTESIAN_POINT ( 'NONE',  ( 6.000000000000000000, 3.000000000000000000, -9.099999999999999645 ) ) ;
#1977 = LINE ( 'NONE', #602, #1626 ) ;
#1978 = LINE ( 'NONE', #1682, #231 ) ;
#1979 = ORIENTED_EDGE ( 'NONE', *, *, #537, .F. ) ;
#1980 = DIRECTION ( 'NONE',  ( 0.000000000000000000, 1.000000000000000000, 0.000000000000000000 ) ) ;
#1981 = AXIS2_PLACEMENT_3D ( 'NONE', #1356, #429, #1816 ) ;
#1982 = ADVANCED_FACE ( 'NONE', ( #1619 ), #225, .F. ) ;
#1983 = ADVANCED_FACE ( 'NONE', ( #964 ), #810, .F. ) ;
#1984 = VERTEX_POINT ( 'NONE', #694 ) ;
#1985 = VECTOR ( 'NONE', #652, 1000.000000000000000 ) ;
#1986 = CIRCLE ( 'NONE', #1123, 3.499999999999999556 ) ;
#1987 = DIRECTION ( 'NONE',  ( -0.000000000000000000, 1.000000000000000000, -0.000000000000000000 ) ) ;
#1988 = DIRECTION ( 'NONE',  ( -0.9358386571493456652, 0.000000000000000000, 0.3524287272412812699 ) ) ;
#1989 = DIRECTION ( 'NONE',  ( -0.000000000000000000, 1.000000000000000000, -0.000000000000000000 ) ) ;
#1990 = DIRECTION ( 'NONE',  ( 0.000000000000000000, 0.000000000000000000, 1.000000000000000000 ) ) ;
#1991 = EDGE_LOOP ( 'NONE', ( #100, #1562 ) ) ;
#1992 = CARTESIAN_POINT ( 'NONE',  ( 0.000000000000000000, 18.00000000000000000, -16.00000000000000000 ) ) ;
#1993 = ORIENTED_EDGE ( 'NONE', *, *, #63, .T. ) ;
#1994 = DIRECTION ( 'NONE',  ( 0.000000000000000000, 0.000000000000000000, 1.000000000000000000 ) ) ;
#1995 = ADVANCED_FACE ( 'NONE', ( #271 ), #1478, .F. ) ;
#1996 = DIRECTION ( 'NONE',  ( 0.000000000000000000, 0.000000000000000000, 1.000000000000000000 ) ) ;
#1997 = LINE ( 'NONE', #1226, #1883 ) ;
#1998 = AXIS2_PLACEMENT_3D ( 'NONE', #355, #966, #1588 ) ;
#1999 = DIRECTION ( 'NONE',  ( 0.000000000000000000, 0.000000000000000000, 1.000000000000000000 ) ) ;
#2000 = ORIENTED_EDGE ( 'NONE', *, *, #1017, .F. ) ;
#2001 = DIRECTION ( 'NONE',  ( -0.000000000000000000, -1.000000000000000000, -0.000000000000000000 ) ) ;
#2002 =( BOUNDED_CURVE ( )  B_SPLINE_CURVE ( 3, ( #1408, #923, #1398, #1543 ),
 .UNSPECIFIED., .F., .T. ) 
 B_SPLINE_CURVE_WITH_KNOTS ( ( 4, 4 ),
 ( 4.712388980384689674, 6.283185307179586232 ),
 .UNSPECIFIED. ) 
 CURVE ( )  GEOMETRIC_REPRESENTATION_ITEM ( )  RATIONAL_B_SPLINE_CURVE ( ( 1.000000000000000000, 0.8047378541243649375, 0.8047378541243649375, 1.000000000000000000 ) ) 
 REPRESENTATION_ITEM ( '' )  );
#2003 = ORIENTED_EDGE ( 'NONE', *, *, #277, .T. ) ;
ENDSEC;
END-ISO-10303-21;
